#/////////////////////////////////////,,,,,,,,,,,,,,,,,,,,,,,,,,,
# -----START OF METADATA -----,,,,,,,,,,,,,,,,,,,,,,,,,,,
# ------------------------------------------------,,,,,,,,,,,,,,,,,,,,,,,,,,,
# TITLE: Long term forest measurments from Beaech-Oak plots in Jericho Research Forest Farm Woodlot continous forest inventory project,,,,,,,,,,,,,,,,,,,,,,,,,,,
# DATE: Archived 2/8/2017 originially measured 1948-1963,,,,,,,,,,,,,,,,,,,,,,,,,,,
# AUTHOR: Peter Clark,,,,,,,,,,,,,,,,,,,,,,,,,,,
# ------------------------------------------------,,,,,,,,,,,,,,,,,,,,,,,,,,,
# AUTHOR EMAIL: Peter.Clark@uvm.edu,,,,,,,,,,,,,,,,,,,,,,,,,,,
# AUTHOR ADDRESS: Aiken Building 81 Carrigan rd University of Vermont Burlingto VT,,,,,,,,,,,,,,,,,,,,,,,,,,,
# AUTHOR WEBSITE: https://peat-clark.github.io/BIO381/,,,,,,,,,,,,,,,,,,,,,,,,,,,
# ------------------------------------------------,,,,,,,,,,,,,,,,,,,,,,,,,,,
# OWNERSHIP: Information on who owns/controls the data ,,,,,,,,,,,,,,,,,,,,,,,,,,,
# COLLABORATORS: Collected by Rubenstien School UVM,,,,,,,,,,,,,,,,,,,,,,,,,,,
# FUNDING SOURCES: McIntire-Stennis Project,,,,,,,,,,,,,,,,,,,,,,,,,,,
# REPOSITORY: TBD,,,,,,,,,,,,,,,,,,,,,,,,,,,
# CITATIONS: TBD,,,,,,,,,,,,,,,,,,,,,,,,,,,
# ------------------------------------------------,,,,,,,,,,,,,,,,,,,,,,,,,,,
# SAMPLING LOCATIONS: Data collected from Farm woodlot plots in Jericho Research Forest,,,,,,,,,,,,,,,,,,,,,,,,,,,
# SAMPLING TIMES: Collection periods 1948; 1953; 1958; 1963,,,,,,,,,,,,,,,,,,,,,,,,,,,
# VARIABLE DESCRIPTION: Plot: plot number; Tree#: each tree ID. A letter indiactes ingrowth post first measurement; DBH_48: diameter at breast height in 1948; Bark_Thinkness_48: measured etc tec,,,,,,,,,,,,,,,,,,,,,,,,,,,
# MISSING DATA: One or more lines for each variable describing the source of NA values throughout,,,,,,,,,,,,,,,,,,,,,,,,,,,
# ------------------------------------------------,,,,,,,,,,,,,,,,,,,,,,,,,,,
# DATA TRACK CHANGES LOG (use this section to record any changes to the data set after it is created),,,,,,,,,,,,,,,,,,,,,,,,,,,
# DATE:              # CHANGES:,,,,,,,,,,,,,,,,,,,,,,,,,,,
# DATE:              # CHANGES:,,,,,,,,,,,,,,,,,,,,,,,,,,,
# DATE:              # CHANGES:,,,,,,,,,,,,,,,,,,,,,,,,,,,
# DATE:              #CHANGES:,,,,,,,,,,,,,,,,,,,,,,,,,,,
# ------------------------------------------------,,,,,,,,,,,,,,,,,,,,,,,,,,,
# ----- END OF METADATA -----,,,,,,,,,,,,,,,,,,,,,,,,,,,
#/////////////////////////////////////,,,,,,,,,,,,,,,,,,,,,,,,,,,
#,,,,,,,,,,,,,,,,,,,,,,,,,,,
#,,,,,,,,,,,,,,,,,,,,,,,,,,,
PlotNo,TreeNo,Species,DBH_48,Bark_Thickness_48,Diameter_Growth_48,Logs_48,Board Feet_48,Cords_48,DBH_53,Bark_Thickness_53,Diameter_Growth_53,Logs_53,Board Feet_53,Cords_53,DBH_58,Bark_Thickness_58,Diameter_Growth_58,Logs_58,Board Feet_58,Cords_58,DBH_63,Bark_Thickness_63,Diameter_Growth_63,Logs_63,Board Feet_63,Cords_63,Comments
6,1,BE,8.8,0.2,NA,1,33,NA,9.1,0.2,0.3,1.5,41,0,9.5,0.2,0.4,1.5,41,0,9.9,0.2,0.4,1.5,56,0,
6,2,BE,6.5,0.2,NA,0,NA,0.05,6.8,0.2,0.3,0,0,0.07,7.3,0.2,0.5,0,0,0.07,7.8,0.2,0.5,0,0,0.09,
6,4,BE,7.7,0.3,NA,1,NA,0.09,8.2,0.3,0.5,1,0,0.09,8.6,0.3,0.4,1,33,0,9.0,0.3,0.4,1,33,0,
6,5,A,6.9,0.4,NA,0,NA,0.07,7.2,0.4,0.3,0,0,0.07,9999,9999,9999,0,0,0,9999,9999,9999,0,0,0,
6,6,BE,6,0.2,NA,0,NA,0.05,6.1,0.2,0.1,0,0,0.05,6.5,0.2,0.4,0,0,0.05,7.0,0.2,0.5,0,0,0.07,
6,7,A,8.1,0.6,NA,1,NA,0.09,8.7,0.7,0.5,1,33,0,9999,9999,9999,0,0,0,9999,9999,9999,0,0,0,
6,8,BE,6.3,0.2,NA,0,NA,0.05,6.5,0.2,0.2,0,0,0.05,6.8,0.2,0.3,0,0,0.07,7.2,0.2,0.4,0,0,0.07,
6,9,BE,7.3,0.2,NA,0,NA,0.07,7.8,0.2,0.5,0.5,0,0.09,8.3,0.2,0.5,1,0,0.09,8.9,0.2,0.6,1,33,0,
6,10,BE,5.9,0.2,NA,0,NA,0.05,6,0.2,0.1,0,0,0.05,6.4,0.2,0.4,0,0,0.05,6.7,0.2,0.3,0,0,0.07,
6,11,WB,7.6,0.5,NA,0.5,NA,0.09,8.2,0.5,0.6,0.5,0,0.09,9999,9999,9999,0,0,0,9999,9999,9999,0,0,0,
6,12,WB,9.3,0.6,NA,1,30,NA,9.8,0.6,0.5,1,38,0,9999,9999,9999,0,0,0,9999,9999,9999,0,0,0,
6,13,BE,3.7,0.2,NA,0,NA,NA,3.9,0.2,0.2,0,0,0,9999,9999,9999,0,0,0,9999,9999,9999,0,0,0,
6,14,BE,7.7,0.2,NA,1,NA,0.09,7.9,0.2,0.2,1,0,0.09,8.3,0.2,0.4,1,0,0.09,8.7,0.2,0.4,1,33,0,
6,15,BE,8.1,0.2,NA,1,NA,0.09,8.6,0.2,0.5,1,33,0,9,0.2,0.4,1,33,0,9.5,0.2,0.5,1,33,0,
6,16,A,10.2,0.8,NA,2,69,NA,10.6,0.9,0.3,2,88,0,11.3,0.9,0.7,2,88,0,11.8,1,0.4,2,108,0,
6,17,BE,6.4,0.2,NA,0,NA,0.05,6.8,0.2,0.4,0,0,0.07,7.5,0.2,0.7,0,0,0.07,8.1,0.3,0.5,0,0,0.09,
6,18,A,7.1,0.4,NA,0,NA,0.07,7.3,0.4,0.2,0,0,0.07,7777,7777,7777,0,0,0,7777,7777,7777,0,0,0,
6,19,A,9.8,0.8,NA,1.5,56,NA,10.4,0.8,0.6,1.5,56,0,11.2,1,0.6,2,88,0,11.9,1.2,0.5,2,108,0,
6,21,A,8.9,0.7,NA,1,33,NA,0.3,0.7,0.4,1,33,0,9.9,0.8,0.5,1.5,56,0,10.4,1,0.3,1.5,56,0,
6,22,A,8.2,0.6,NA,0,NA,0.09,8.5,0.6,0.3,0,0,0.09,7777,7777,7777,0,0,0,7777,7777,7777,0,0,0,
6,23,A,7.2,0.4,NA,0,0,0.07,7777,7777,7777,0,0,0,7777,7777,7777,0,0,0,7777,7777,7777,0,0,0,
6,25,BE,7.4,0.2,NA,0,0,0.07,7.8,0.3,0.3,0,0,0.09,7777,7777,7777,0,0,0,7777,7777,7777,0,0,0,
6,26,BE,3.6,0.2,NA,0,0,NA,3.8,0.2,0.2,0,0,0,4.1,0.2,0.3,0,0,0.01,4.3,0.3,0.1,0,0,0.01,
6,27,BE,8.6,0.3,NA,0.5,22,NA,9.1,0.3,0.5,1,33,0,9.7,0.3,0.6,1,42,0,10.4,0.3,0.7,1,42,0,
6,30,HM,4.5,0.2,NA,0,0,0.01,5,0.3,0.4,0,0,0.03,9999,9999,9999,0,0,0,9999,9999,9999,0,0,0,
6,31,WA,8.4,1.1,NA,0,0,0.09,8.8,1.3,0.2,0,0,0.12,9.1,1.3,0.3,1,30,0,9.3,1.3,0.2,1,30,0,
6,32,WA,13.3,1.4,NA,1.5,94,NA,13.9,1.5,0.5,1.5,110,0,14.5,1.6,0.5,0.5,110,0,15.1,1.8,0.4,2,160,0,
6,33,BE,6.3,0.2,NA,0,0,0.05,6.5,0.2,0.2,0,0,0.05,9999,9999,9999,0,0,0,9999,9999,9999,0,0,0,
6,34,BE,10.3,0.3,NA,1.5,56,NA,10.4,0.3,0.1,1.5,56,0,10.5,0.3,0.1,1.5,56,0,10.6,0.3,0.1,1.5,71,0,
6,35,BE,4.2,0.2,NA,0,0,0.01,4.3,0.2,0.1,0,0,0.01,9999,9999,9999,0,0,0,9999,9999,9999,0,0,0,
6,36,BE,4.1,0.2,NA,0,0,0.01,7777,7777,7777,0,0,0,7777,7777,7777,0,0,0,7777,7777,7777,0,0,0,
6,37,A,8.9,0.7,NA,0,0,0.12,9.6,0.9,0.5,0,0,0.17,10.7,1,1,1.5,71,0,11.3,1.1,0.5,1.5,71,0,
6,38,A,7.4,0.4,NA,0,0,0.07,7.9,0.6,0.3,0,0,0.09,9999,9999,9999,0,0,0,9999,9999,9999,0,0,0,
6,39,HM,5.2,0.3,NA,0,0,0.03,5.6,0.4,0.3,0,0,0.05,5.9,0.4,0.3,0,0,0.05,6.4,0.6,0.3,0,0,0.05,
6,40,A,0.8,0.6,NA,0,0,0.09,8,0.6,0.2,0,0,0.09,9999,9999,9999,0,0,0,9999,9999,9999,0,0,0,
6,41,HM,5,0.3,NA,0,0,0.03,5.5,0.3,0.5,0,0,0.03,5.9,0.3,0.4,0,0,0.05,6.3,0.4,0.3,0,0,0.05,
6,42,HH,6.8,0.2,NA,0,0,0.07,7,0.2,0.2,0,0,0.07,9999,9999,9999,0,0,0,9999,9999,9999,0,0,0,
6,43,HM,9,0.6,NA,0,0,0.12,9.6,0.6,0.6,0,0,0.17,9.9,0.6,0.3,1,38,0,10.4,0.8,0.3,1,38,0,
6,44,HH,5.8,0.2,NA,0,0,0.05,5.9,0.2,0.1,0,0,0.05,9999,9999,9999,0,0,0,9999,9999,9999,0,0,0,
6,45,RM,4.9,0.3,NA,0,0,0.03,5.4,0.4,0.4,0,0,0.03,6,0.5,0.5,0,0,0.05,6.8,0.7,0.6,0,0,0.07,
6,47,HM,6.3,0.3,NA,0,0,0.05,6.6,0.4,0.2,0,0,0.07,7,0.5,0.3,0,0,0.07,7.6,0.7,0.4,0,0,0.09,
6,48,HH,4.6,0.2,NA,0,0,0.03,4.6,0.2,0,0,0,0.03,7777,7777,7777,0,0,0,7777,7777,7777,0,0,0,
6,49,RM,5,0.3,NA,0,0,0.03,5.7,0.4,0.6,0,0,0.05,7777,7777,7777,0,0,0,7777,7777,7777,0,0,0,
6,50,RM,5.2,0.3,NA,0,0,0.03,5.7,0.4,0.4,0,0,0.05,6.5,0.5,0.7,0,0,0.05,7.2,0.7,0.5,0,0,0.07,
6,51,RM,4,0.2,NA,0,0,0.01,4.2,0.2,0.2,0,0,0.01,4.6,0.3,0.3,0,0,0.03,4.9,0.4,0.2,0,0,0.03,
6,52,RM,7.5,0.4,NA,0,0,7,7.7,0.5,0.1,0,0,0.09,9999,9999,9999,0,0,0,9999,9999,9999,0,0,0,
6,53,WO,5.2,0.5,NA,0,0,0.03,5.7,0.6,0.4,0,0,0.05,6.3,0.7,0.5,0,0,0.05,6.9,0.9,0.4,0,0,0.07,
6,54,RM,4.5,0.2,NA,0,0,0.01,5,0.3,0.4,0,0,0.03,9999,9999,9999,0,0,0,9999,9999,9999,0,0,0,
6,56,RM,3.6,0.2,NA,0,0,NA,3.7,0.2,0.1,0,0,0,9999,9999,9999,0,0,0,9999,9999,9999,0,0,0,
6,57,RM,5.3,0.3,NA,0,0,0.03,5.5,0.4,0.1,0,0,0.03,7.6,0.5,2,0,0,0.09,7777,7777,7777,0,0,0,
6,58,RM,4.7,0.3,NA,0,0,0.03,4.8,0.3,0.1,0,0,0.03,4.8,0.3,0,0,0,0.03,7777,7777,7777,0,0,0,
6,60,RM,9.8,0.7,NA,1,38,NA,10.2,0.8,0.3,1,38,0,10.8,0.9,0.5,1,48,0,11.2,1,0.3,1.5,63,0,
6,61,RM,5.4,0.3,NA,0,0,0.03,5.6,0.4,0.1,0,0,0.05,9999,9999,9999,0,0,0,9999,9999,9999,0,0,0,
6,62,HH,4.3,0.2,NA,0,0,0.01,4.5,0.2,0.2,0,0,0.01,9999,9999,9999,0,0,0,9999,9999,9999,0,0,0,
6,63,RM,5.7,0.4,NA,0,0,0.05,6,0.4,0.3,0,0,0.05,6.6,0.4,0.6,0,0,0.07,7.4,0.5,0.7,,0,0.07,
6,64,RM,4,0.2,NA,0,0,0.01,4.2,0.2,0.2,0,0,0.01,9999,9999,9999,0,0,0,9999,9999,9999,0,0,0,
6,65,HH,4.4,0.2,NA,0,0,0.01,4.5,0.2,0.1,0,0,0.01,9999,9999,9999,0,0,0,9999,9999,9999,0,0,0,
6,66,HH,4.1,0.2,NA,0,0,0.01,4.4,0.2,0.3,0,0,0.01,9999,9999,9999,0,0,0,9999,9999,9999,0,0,0,
6,67,HM,5,0.3,NA,0,0,0.03,7777,7777,7777,0,0,0,7777,7777,7777,0,0,0,7777,7777,7777,0,0,0,
6,68,RM,7.8,0.5,NA,0,0,0.09,7.8,0.5,0,0,0,0.09,9999,9999,9999,0,0,0,9999,9999,9999,0,0,0,
6,69,RM,5.1,0.3,NA,0,0,0.03,5.4,0.3,0.3,0,0,0.03,9999,9999,9999,0,0,0,9999,9999,9999,0,0,0,
6,70,RO,5.9,0.5,NA,0,0,0.05,7777,7777,7777,0,0,0,7777,7777,7777,0,0,0,7777,7777,7777,0,0,0,
6,71,RO,14.7,1.1,NA,0.5,59,NA,7777,7777,7777,0,0,0,7777,7777,7777,0,0,0,7777,7777,7777,0,0,0,
6,72,A,7.6,0.6,NA,1,0,0.09,7777,7777,7777,0,0,0,7777,7777,7777,0,0,0,7777,7777,7777,0,0,0,
6,73,HM,3.9,0.2,NA,0,0,NA,7777,7777,7777,0,0,0,7777,7777,7777,0,0,0,7777,7777,7777,0,0,0,
6,74,HH,4.3,0.2,NA,0,0,0.01,7777,7777,7777,0,0,0,7777,7777,7777,0,0,0,7777,7777,7777,0,0,0,
6,75,HM,6,0.3,NA,0,0,0.05,6.5,0.3,0.5,0,0,0.05,9999,9999,9999,0,0,0,9999,9999,9999,0,0,0,
6,76,RM,3.6,0.2,NA,0,0,NA,3.8,0.2,0.2,0,0,0,4.5,0.2,0.7,0,0,0.01,5.3,0.3,0.7,0,0,0.03,
6,78,HM,5.1,0.3,NA,0,0,0.03,5.3,0.3,0.2,0,0,0.03,5.8,0.3,0.5,0,0,0.05,6.0,0.4,0.1,0,0,0.05,
6,79,RO,4.8,0.5,NA,0,0,0.03,5.2,0.5,0.4,0,0,0.03,5.9,0.6,0.2,0,0,0.05,6.6,0.8,0.5,0,0,0.07,
6,81,RM,3.9,0.2,NA,0,0,NA,7777,7777,7777,0,0,0,7777,7777,7777,0,0,0,7777,7777,7777,0,0,0,
6,82,RM,3.8,0.2,NA,0,0,NA,3.9,0.2,0.1,0,0,0,9999,9999,9999,0,0,0,9999,9999,9999,0,0,0,
6,83,RO,4.6,0.4,NA,0,0,3,5,0.5,0.3,0,0,0.03,5.3,0.6,0.2,0,0,0.03,5.6,0.8,0.1,0,0,0.05,
6,84,RM,9.4,0.6,NA,0,0,0.12,10.1,0.6,0.7,0,0,0.17,10.8,0.6,0.7,0,0,0.2,11.6,0.6,0.8,0,0,0.25,
6,85,RM,4.6,0.3,NA,0,0,0.03,4.7,0.3,0.1,0,0,0.03,9999,9999,9999,0,0,0,9999,9999,9999,0,0,0,
6,86,RM,4.6,0.3,NA,0,0,0.03,4.8,0.3,0.2,0,0,0.03,9999,9999,9999,0,0,0,9999,9999,9999,0,0,0,
6,87,RM,4.6,0.3,NA,0,0,0.03,5,0.3,0.4,0,0,0.03,9999,9999,9999,0,0,0,9999,9999,9999,0,0,0,
6,89,RM,0.1,0.4,NA,0,0,0.01,4.2,0.4,0.1,0,0,0.01,4.3,0.4,0.1,0,0,0.01,4.5,0.5,0.1,0,0,0.01,
6,90,BE,6.2,0.3,NA,0,0,0.05,6.5,0.3,0.3,0,0,0.05,9999,9999,9999,0,0,0,9999,9999,9999,0,0,0,
6,91,RM,5.4,0.3,NA,0,0,0.03,5.5,0.3,0.1,0,0,0.03,9999,9999,9999,0,0,0,9999,9999,9999,0,0,0,
6,92,A,9.2,0.7,NA,1.5,41,NA,10,0.8,0.7,1.5,56,0,9999,9999,9999,0,0,0,9999,9999,9999,0,0,0,
6,93,WA,4.9,0.4,NA,0,0,0.03,5.3,0.6,0.2,0,0,0.03,5.7,0.8,0.2,0,0,0.05,5.9,0.8,0.2,0,0,0.05,
6,94,BE,8.5,0.3,NA,1,0,0.09,8.9,0.3,0.4,1,33,0,9.3,0.3,0.4,1,33,0,9.7,0.3,0.4,1,42,0,
6,95,HM,7.2,0.4,NA,0,0,0.07,7.5,0.4,0.3,0,0,0.07,7.9,0.4,0.4,0,0,0.09,8.4,0.4,0.5,0,0,0.09,
6,96,BE,9.1,0.3,NA,1.5,41,NA,9.4,0.3,0.3,1.5,41,0,9.9,0.3,0.5,1.5,56,0,10.4,0.3,0.5,1.5,56,0,
6,97,BE,0.7,0.2,NA,0,0,0.05,6,0.2,0.3,0,0,0.05,6.3,0.2,0.3,0,0,0.05,6.5,0.3,0.1,0,0,0.03,
6,98,RM,3.8,0.2,NA,0,0,NA,3.9,0.2,0.1,0,0,0,9999,9999,9999,0,0,0,9999,9999,9999,0,0,0,
6,100,BE,4,0.22,NA,0,0,0.01,4.2,0.2,0.2,0,0,0.01,4.5,0.2,0.3,0,0,0.01,4.7,0.2,0.2,0,0,0.03,
6,101,BE,7.2,0.3,NA,0,0,0.07,7.6,0.4,0.5,1,0,0.09,8.2,0.2,0.6,1,0,0.09,8.6,0.2,0.4,1,33,0,
6,102,BE,9.3,0.3,NA,1,33,NA,9.6,0.3,0.3,1,42,0,10,0.3,0.4,1,42,0,10.4,0.4,0.3,1,42,,
6,103,BE,10.6,0.3,NA,1,54,NA,11,0.3,0.4,1,54,0,11.4,0.3,0.4,1.5,71,0,11.9,0.3,0.5,1.5,86,0,
6,104,BE,8.8,0.3,NA,1,33,NA,9.3,0.3,0.5,1,33,0,9.9,0.3,0.6,1,42,0,10.4,0.3,0.5,1,42,0,
6,105,BE,6.8,0.3,NA,0,0,0.07,6.9,0.3,0.1,0,0,0.07,9999,9999,9999,0,0,0,9999,9999,9999,0,0,0,
6,107,BE,5.5,0.2,NA,0,0,0.03,5.7,0.2,0.2,0,0,0.05,5.9,0.2,0.2,0,0,0.05,6.2,0.3,0.2,0,0,0.05,
6,109,RM,17.1,1.2,NA,2,212,NA,17.6,1.3,0.4,2,240,0,18.2,1.3,0.6,2,240,0,18.5,1.3,0.3,2,240,0,
6,110,BE,6.6,0.2,NA,0,0,0.07,6.9,0.3,0.2,0,0,0.07,9999,9999,9999,0,0,0,9999,9999,9999,0,0,0,
6,111,BE,8.8,0.3,NA,1,33,NA,9.1,0.3,0.3,1,33,0,9.6,0.3,0.5,1.5,56,0,10.2,0.3,0.6,1.5,56,0,
6,112,BE,4.7,0.2,NA,0,0,0.03,4.9,0.2,0.2,0,0,0.03,5.3,0.2,0.4,0,0,0.03,5.8,0.2,0.5,0,0,0.05,
6,113,BE,5.4,0.2,NA,0,0,0.03,5.7,0.2,0.3,0,0,0.05,6.1,0.2,0.4,0,0,0.05,6.6,0.3,0.4,0,0,0.07,
6,114,A,13,1.2,NA,1.5,104,NA,13.2,1.2,0.2,1.5,104,0,13.5,1.4,0.1,2,130,0,13.8,1.6,0.1,2,153,0,
6,115,BE,4.4,0.2,NA,0,0,0.01,7777,7777,7777,0,0,0,7777,7777,7777,0,0,0,7777,7777,7777,0,0,0,
6,116,BE,7.3,0.2,NA,0,0,0.07,7.5,0.3,0.1,0,0,0.07,7.9,0.3,0.4,0,0,0.09,8.4,0.3,0.5,0,0,0.09,
6,117,BE,4.8,0.2,NA,0,0,0.03,4.9,0.2,0.1,0,0,0.03,9999,9999,9999,0,0,0,9999,9999,9999,0,0,0,
6,118,BE,9,0.3,NA,1.5,41,NA,9.3,0.3,0.3,1.5,41,0,9.6,0.3,0.3,1.5,56,0,10.2,0.3,0.6,1.5,56,0,
6,119,BE,8.1,0.3,NA,1,0,0.09,8.3,0.3,0.2,1,0,0.09,8.3,0.3,0,1,0,0.09,7777,7777,7777,0,0,0,
6,120,BE,7.7,0.3,NA,0,0,0.09,8,0.3,0.3,0,0,0.09,8.3,0.3,0.3,0,0,0.09,8.7,0.3,0.4,0,0,0.12,
6,121,BE,6.6,0.2,NA,0,0,0.07,6.6,0.2,0,0,0,0.07,9999,9999,9999,0,0,0,9999,9999,9999,0,0,0,
6,123,BE,8.2,0.3,NA,1,0,0.09,8.4,0.3,0.2,1,0,0.09,9999,9999,9999,0,0,0,9999,9999,9999,0,0,0,
6,124,BE,4.1,0.2,NA,0,0,0.01,4.4,0.2,0.3,0,0,0.01,9999,9999,9999,0,0,0,9999,9999,9999,0,0,0,
6,125,BE,8,0.3,NA,0,0,0.09,8.3,0.3,0.3,0,0,0.09,8.4,0.3,0.1,0,0,0.09,8.5,0.3,0.1,0,0,0.09,
6,127,RO,15.7,1.2,NA,2,183,NA,16.5,1.2,0.8,2,183,0,17.4,1.2,0.3,2,212,0,18.1,1.2,0.7,2,240,0,
6,128,RM,7.5,0.4,NA,0,0,0.07,7.7,0.5,0.1,0,0,0.09,9999,9999,9999,0,0,0,9999,9999,9999,0,0,0,
6,129,RM,5.6,0.4,NA,0,0,0.05,5.7,0.4,0.1,0,0,0.05,9999,9999,9999,0,0,0,9999,9999,9999,0,0,0,
6,130,RM,8.2,0.5,NA,0,0,0.09,8.4,0.5,0.2,0,0,0.09,8.8,0.6,0.3,1,30,0,9.2,0.8,0.2,1,30,0,
6,131,RM,6.4,0.4,NA,0,0,0.05,6.8,0.4,0.4,0,0,0.07,7.1,0.5,0.2,0,0,0.07,7.5,0.7,0.2,1,30,0,
6,132,HH,5.6,0.3,NA,0,0,0.05,5.7,0.3,0.1,0,0,0.05,5.7,0.3,0,0,0,0.05,5.7,0.3,0,0,0,0.05,
6,133,HM,7.5,0.4,NA,0,0,0.07,7.7,0.4,0.2,0,0,0.09,7.9,0.4,0.2,0,0,0.09,8.1,0.4,0.2,0,0,0.09,
6,134,RO,16.1,1.2,NA,1.5,146,NA,16.7,1.2,0.6,1.5,168,0,17.4,1.2,0.7,1.5,168,0,17.9,1.3,4,1.5,190,0,
6,135,RO,14.1,1,NA,1.5,110,NA,14.6,1.1,0.4,1.5,128,0,15.1,1.2,0.5,2,160,0,15.7,1.4,0.4,2,183,0,
6,136,RO,15.6,1.2,NA,1.5,146,NA,16.4,1.2,0.8,1.5,146,0,17.1,1.2,0.7,1.5,168,0,17.7,1.2,0.6,1.5,190,0,
6,137,RM,4.7,0.3,NA,0,0,0.03,5,0.3,0.3,0,0,0.03,7777,7777,7777,0,0,0,7777,7777,7777,0,0,0,
6,138,RM,5.3,0.3,NA,0,0,0.03,5.5,0.4,0.1,0,0,0.03,5.8,0.5,0.2,0,0,0.05,6.1,0.6,0.2,0,0,0.05,
6,139,RM,12.4,0.8,NA,0,0,0.25,12.9,0.8,0.5,0,0,0.3,13.1,0.8,0.2,1,70,0,13.9,0.8,0.8,1,82,0,
6,140,RM,5.8,0.4,NA,0,0,0.05,6,0.4,0.2,0,0,0.05,9999,9999,9999,0,0,0,9999,9999,9999,0,0,0,
6,141,HH,3,0.2,NA,0,0,NA,4,0.2,0.2,0,0,0.01,9999,9999,9999,0,0,0,9999,9999,9999,0,0,0,
6,142,RO,2.6,0.8,NA,1.5,94,NA,13.2,0.8,0.6,1.5,94,0,13.8,0.8,0.6,1.5,110,0,14.5,0.8,0.7,1.5,110,0,
6,108A,BE,,,,,,,3.6,0.2,NA,0,0,0,9999,9999,9999,0,0,0,9999,9999,9999,0,0,0,
6,126A,BE,,,,,,,,,,,,,,,,,,,4.0,0.2,NA,0,0,0.01,
6,145A,HH,,,,,,,3.6,0.2,NA,0,0,0.01,7777,7777,7777,0,0,0,7777,7777,7777,0,0,0,
6,147A,HH,,,,,,,,,,,,,4.1,0.3,NA,0,0,0.01,4.1,0.3,0,0,0,0.01,
6,158A,HH,,,,,,,,,,,,,,,,,,,4.4,0.3,NA,0,0,0.01,
6,169A,HE,,,,,,,,,,,,,,,,,,,3.8,0.2,NA,0,0,0,
6,179A,HM,,,,,,,,,,,,,,,,,,,3.7,0.2,NA,0,0,0,
6,20A,HH,,,,,,,,,,,,,,,,,,,3.7,0.2,NA,0,0,0,
6,210A,SM,,,,,,,,,,,,,,,,,,,4.8,0.2,NA,0,0,0.03,
6,242A,SM,,,,,,,,,,,,,,,,,,,4.1,0.2,NA,0,0,0.01,
6,28A,BE,,,,,,,,,,,,,3.8,0.1,NA,,,,4.0,0.1,2,0,0,0.01,
6,3A,BE,,,,,,,,,,,,,3.8,0.2,NA,0,0,0,3.8,0.2,0,0,0,0,
6,55A,RM,,,,,,,3.6,0.2,NA,0,0,0,9999,9999,9999,0,0,0,9999,9999,9999,0,0,0,
6,59A,RM,,,,,,,3.7,0.2,NA,0,0,0,3.9,0.2,0.2,0,0,0,4.3,0.3,0.3,0,0,0.01,
6,88A,RM,,,,,,,3.6,0.2,NA,0,0,0,9999,9999,9999,0,0,0,9999,9999,9999,0,0,0,
7,1,SM,5.6,0.4,NA,0,0,0.05,6,0.4,0.4,0,0,0.05,6.2,0.5,0.1,0,0,0.05,6.7,0.6,0.4,*CD?,0,0.07,
7,2,SM,6.1,0.7,NA,0,0,0.05,6.2,0.7,0.1,0,0,0.05,6.3,0.7,0.1,0,0,0.05,6.3,0.7,0,*CD?,0,0.05,
7,3,WB,4.6,0.4,NA,0,0,0.03,4.8,0.4,0.2,0,0,0.03,4.9,0.4,0.1,0,0,0.03,5.0,0.4,0.1,*CD?,0,0.03,
7,4,A,,,,,,,3.4,NA,NA,NA,NA,0,7777,7777,7777,0,0,0,,,,,,,
7,5,SM,4.1,0.2,NA,0,0,0.01,4.2,0.2,0.1,0,0,0.01,4.5,0.3,0.2,0,0,0.01,4.7,0.3,0.2,*CD?,0,0.03,
7,6,WP,8.7,0.6,NA,1.5,42,0,9.8,0.8,0.9,1.5,51,0,10.8,1,0.8,2,75,0,12.2,1.2,1.2,2.5,105,0,
7,7,WB,,,,,,,3.2,NA,NA,NA,NA,0,3.3,NA,NA,0,0,0,3.3,NA,NA,NA,NA,NA,
7,8,BE,5.9,0.2,NA,0,0,0.05,6.3,0.3,0.3,0,0,0.05,6.8,0.4,0.4,0,0,0.07,7.3,0.6,0.6,*CD?,0,0.07,
7,9,SM,5.7,0.5,NA,0,0,0.05,5.9,0.5,0.2,0,0,0.05,6,0.5,0.1,0,0,0.05,6.0,0.5,0,*CD?,0,0.05,
7,10,SM,8.3,0.6,NA,*CD?,0,0.09,8.8,0.7,0.4,*CD?,0,0.12,9.5,0.7,0.7,1,30,0,10.1,0.8,0.5,1,38,0,
7,11,WB,7.1,0.3,NA,0,0,0.07,7.5,0.3,0.4,0,0,0.07,8,0.3,0.5,1,0,0.09,8.3,0.3,0.3,1,0,0.09,
7,12,BE,6.2,0.3,NA,0,0,0.03,6.4,0.3,0.2,0,0,0.05,6.6,0.3,0.2,0,0,0.07,6.7,0.3,0.1,*CD?,0,0.07,
7,13,WB,8.9,0.4,NA,1,30,0,9.1,0.4,0.2,1,30,0,9.3,0.4,0.2,1,30,0,9.6,0.4,0.3,1,38,0,
7,14,WB,5.1,0.4,NA,0,0,0.03,5.3,0.4,0.2,0,0,0.03,5.3,0.4,0,0,0,0.03,5.3,0.4,0,*CD?,0,0.03,
7,15,BE,6.5,0.3,NA,0,0,0.05,6.9,0.3,0.4,0,0,0.07,7.1,0.3,0.2,0,0,0.07,7.3,0.3,0.2,*CD?,0,0.07,
7,16,BE,7.2,0.2,NA,0,0,0.07,7.5,0.3,0.2,0,0,0.07,7.9,0.3,0.4,0,0,0.09,8.5,0.3,0.6,*CD?,0,0.09,
7,17,WP,9.3,0.8,NA,1.5,42,0,9.8,1,0.3,1.5,51,0,10.1,1.1,0.2,1.5,51,0,10.2,1.1,0.1,1.5,51,0,
7,18,BE,3.6,NA,NA,0,0,0,3.6,NA,0,0,0,0.01,7777,7777,7777,0,0,0,,,,,,,
7,19,WP,11.2,0.8,NA,1,48,0,12.3,1,0.9,1.5,78,0,13.4,1.3,0.8,2.5,12.8,0,14.6,1.6,0.9,2.5,177,0,
7,20,SM,4.4,0.2,NA,0,0,0.01,4.8,0.3,0.3,0,0,0.03,5,0.3,0.2,0,0,0.03,5.5,0.3,0.5,*CD?,0,0.03,
7,21,WB,6.5,0.4,NA,0,0,0.05,6.8,0.4,0.3,0,0,0.07,7.2,0.4,0.4,0,0,0.07,7.4,0.4,0.2,*CD?,0,0.07,
7,22,WB,5,0.3,NA,0,0,0.03,5.1,0.3,0.1,0,0,0.03,5.3,0.3,0.2,0,0,0.03,5.6,0.3,0.3,*CD?,0,0.05,
7,23,MS,3.6,NA,NA,0,0,0,3.7,0,0,0,0,0,3.8,NA,NA,NA,NA,NA,3.8,0.2,NA,NA,NA,NA,
7,24,WP,3.8,0.2,NA,0,0,0,4.4,0.2,0.6,0,0,0,4.5,0.2,0.1,0,0,0,7777,7777,7777,7777,7777,7777,
7,25,WP,3.6,0.3,NA,0,0,0,4.2,0.5,0.4,0,0,0,4.2,0.5,0,0,0,0,4.3,0.5,0.1,*CD?,0,0.01,
7,26,WB,5.1,0.4,NA,0,0,0.03,5.1,0.4,0,0,0,0.03,5.3,0.4,0.2,0,0,0.03,5.3,0.4,0,*CD?,0,0.03,
7,27,WB,5.7,0.4,NA,0,0,0.05,5.9,0.4,0.2,0,0,0.05,6.1,0.4,0.2,0,0,0.05,6.4,0.4,0.3,*CD?,0,0.05,
7,28,SM,3.8,0.2,NA,0,0,0,4.2,0.2,0.4,0,0,0.01,4.6,0.3,0.3,0,0,0.03,5.0,0.3,0.4,*CD?,0,0.03,
7,29,MS,,,,,,,3.5,0,0,0,0,0,3.7,NA,NA,NA,NA,NA,3.7,0.2,BA,*CD?,0,0,
7,30,WB,7.7,0.4,NA,*CD?,0,0.09,7.9,0.4,0.2,*CD?,0,0.09,8.5,0.4,0.6,0.5,0,0.09,8.8,0.4,0.3,0.5,22,0,
7,31,WP,8.6,0.6,NA,1,31,0,9.5,0.8,0.7,1,31,0,9.9,1,0.2,1,51,0,10.8,1.2,0.7,1.5,64,0,
7,32,SM,4.3,0.4,NA,0,0,0.01,4.5,0.4,0.2,0,0,0.01,4.8,0.5,0.2,0,0,0.03,4.9,0.5,0.1,*CD?,0,0.03,
7,33,WB,7.2,0.4,NA,0,0,0.07,7.5,0.4,0.3,0,0,0.07,7.8,0.4,0.3,0,0,0.09,8.1,0.4,0.3,*CD?,0,0.09,
7,34,WB,6.6,0.4,NA,0,0,0.07,6.9,0.5,0.2,0,0,0.07,7.2,0.6,0.2,0,0,0.07,7.5,0.6,0.3,*CD?,0,0.07,
7,35,SM,4.5,0.3,NA,0,0,0.01,5,0.3,0.5,0,0,0.03,5.4,0.4,0.3,0,0,0.03,5.7,0.5,0.2,*CD?,0,0.05,
7,36,BE,3.8,0.2,NA,0,0,0,4.1,0.2,0.3,0,0,0.01,4.5,0.2,0.4,0,0,0.01,4.7,0.2,0.2,*CD?,0,0.03,
7,37,BE,4.3,0.2,NA,0,0,0.01,4.3,0.2,0,0,0,0.01,4.5,0.2,0.2,0,0,0.01,4.6,0.2,0.1,*CD?,0,0.03,
7,38,*,,,,,,,NA,NA,NA,NA,NA,NA,NA,NA,NA,NA,NA,NA,,,,,,,
7,40,BE,,,,,,,3.2,0,0,0,0,0,3.2,NA,NA,NA,NA,NA,3.3,NA,NA,NA,NA,NA,
7,41,WB,7,0.5,NA,0,0,0.07,7,0.5,0,0,0,0.07,7.2,0.5,0.2,0,0,0.07,7.4,0.5,0.2,*CD?,0,0.07,
7,42,WB,6.9,0.8,NA,0,0,0.07,7,0.8,0.1,0,0,0.07,7,0.8,0,0,0,0.07,7.0,0.8,0,*CD?,0,0.07,
7,43,WB,8,0.5,NA,*CD?,0,0.09,8.3,0.6,0.2,*CD?,0,0.09,8.3,0.6,0,*CD?,0,0.09,8.5,0.6,0.2,*CD?,0,0.09,
7,44,WB,5.7,0.5,NA,0,0,0.05,5.8,0.5,0.1,0,0,0.05,5.8,0.5,0,0,0,0.05,6.0,0.6,0.1,*CD?,0,0.05,
7,45,WB,7,0.4,NA,0,0,0,7.1,0.4,0.1,0,0,0.07,7.4,0.5,0.2,0,0,0.07,7.7,0.6,0.2,*CD?,0,0.09,
7,46,WB,5.1,0.3,NA,0,0,0.03,5.1,0.3,0,0,0,0.03,7777,7777,7777,7777,7777,7777,7777,7777,7777,7777,7777,7777,
7,47,WB,7.9,0.5,NA,*CD?,0,0.09,8.1,0.5,0.2,*CD?,0,0.09,8.5,0.6,0.3,1,0,0.09,8.8,0.7,0.2,1,30,0,
7,48,BE,,,,,,,3.4,NA,NA,0,0,0,3.5,NA,NA,NA,NA,NA,3.5,0.2,NA,NA,NA,NA,
7,49,BE,6.2,0.3,NA,0,0,0.05,6.5,0.3,0.3,1,30,0.05,7,0.3,0.5,0,0,0.07,7.5,0.3,0.5,*CD?,0,0.07,
7,50,WB,9.1,0.8,NA,1,30,0,9.2,0.8,0.1,0,0,0,9.4,0.8,0.2,1,30,0,9.5,0.8,0.1,1,30,0,
7,51,BE,3.9,0.3,NA,0,0,0,4.1,0.3,0.2,0,0,0.01,4.4,0.4,0.2,0,0,0.01,4.6,0.4,0.2,*CD?,0,0.03,
7,52,WB,4.5,0.3,NA,0,0,0.01,4.7,0.3,0.2,0,0,0.03,4.7,0.3,0,0,0,0.03,7777,7777,7777,7777,7777,7777,
7,53,BE,5,0.3,NA,0,0,0.03,5.2,0.3,0.2,0,0,0.03,5.9,0.4,0.6,0,0,0.05,6.5,0.4,0.6,*CD?,0,0.05,
7,54,WB,7.1,0.7,NA,0,0,0.07,7.3,0.7,0.2,0,0,0.07,7.5,0.8,0.1,0,0,0.07,7.6,0.8,0.1,*CD?,0,0.09,
7,55,HE,5,0.5,NA,0,0,0.01,5.8,0.6,0.7,0,0,0,6.8,0.7,0.9,0,0,0.05,7.5,0.8,0.6,*CD?,0,0.05,
7,56,WB,7.2,0.4,NA,0,0,0.07,7.5,0.4,0.3,0,0,0.07,7777,7777,7777,7777,7777,7777,7777,7777,7777,7777,7777,7777,
7,57,RO,5.9,0.6,NA,0,0,0.05,6.6,0.7,0.6,0,0,7,7.3,0.8,0.6,0,0,0.07,7.8,1,0.3,*CD?,0,0.09,
7,58,BE,3.6,NA,NA,NA,NA,NA,3.7,NA,NA,0,0,0,3.8,NA,NA,NA,NA,NA,3.9,0.2,NA,NA,NA,NA,
7,59,BE,4.9,0.2,NA,0,0,0.03,5.2,0.2,0.3,0,0,0.03,5.5,0.2,0.3,0,0,0.03,5.9,0.2,0.4,*CD?,0,0.05,
7,60,HE,5.4,0.5,NA,0,0,0.01,6.3,0.6,0.8,0,0,0.03,7.4,0.7,1,0,0,0.05,8.2,0.9,0.6,*CD?,0,0.08,
7,61,WB,6.5,0.5,NA,0,0,0.05,6.8,0.5,0.3,0,0,0.07,7,0.5,0.2,0,0,0.07,7.0,0.5,0,*CD?,0,0.07,
7,62,RO,4,0.4,NA,0,0,0.07,4.6,0.4,0.6,0,0,0.03,5.2,0.4,0.6,0,0,0.03,5.7,0.4,0.5,*CD?,0,0.05,
7,63,BE,6.8,0.2,NA,0,0,0.07,7.1,0.2,0.3,0,0,0.07,7.6,0.3,0.4,0,0,0.09,8.0,0.3,0.4,*CD?,0,0.09,
7,64,BE,3.9,0.2,NA,0,0,0,4.1,0.2,0.2,0,0,0.01,4.4,0.2,0.3,0,0,0.01,4.8,0.2,0.4,*CD?,0,0.03,
7,65,MS,5.7,0.4,NA,0,0,0.05,5.8,0.4,0.1,0,0,0.05,6,0.4,0.2,0,0,0.05,7777,7777,7777,7777,7777,7777,
7,67,WP,14.7,1.4,NA,1.5,130,0,15,1.5,0.2,1.5,130,0,15.5,1.7,0.3,1.5,130,0,15.5,1.7,0,1.5,130,0,
7,68,RO,9.5,0.8,NA,*CD?,0,0.12,10,0.8,0.5,*CD?,0,0.17,10.7,0.8,0.7,*CD?,0,0.2,11.2,0.8,0.5,*CD?,0,0.2,
7,69,RO,7.3,0.6,NA,0,0,0.07,7.7,0.7,0.3,*CD?,0,0.09,8.2,0.8,0.4,*CD?,0,0.09,8.7,1,0.3,*CD?,0,0.12,
7,70,WO,,,,,,,5.1,NA,NA,0,0,0.03,7777,7777,7777,7777,7777,7777,7777,7777,7777,7777,7777,7777,
7,71,H,4.5,0.3,NA,0,0,0.01,4.6,0.3,0.1,0,0,0.03,4.8,0.3,0.2,0,0,0.03,4.9,0.3,0.1,*CD?,0,0.03,
7,72,RO,9,0.7,NA,1,30,0,9.5,0.8,0.4,1,30,0,10,0.9,0.4,1,38,0,10.5,1,0.4,1,38,0,
7,73,RO,11.3,0.9,NA,1,48,0,11.8,1,0.4,1,58,0,12.2,1.1,0.3,1.5,77,0,12.6,1.2,0.3,1.5,94,0,
7,74,RO,14.4,1,NA,1,82,0,15,1.1,0.5,1,95,0,15.6,1.3,0.4,1,108,0,16.2,1.6,0.3,1.5,146,0,
7,75,RO,6.5,0.7,NA,0,0,0.05,6.6,0.7,0.1,0,0,0.07,6.8,0.7,0.2,*CD?,0,0.07,7.0,0.7,0.2,*CD?,0,0.07,
7,76,RO,6.4,0.8,NA,0,0,0.05,6.5,0.8,0.1,0,0,0.05,6.7,0.8,0.2,0,0,0.07,6.9,0.8,0.2,*CD?,0,0.07,
7,77,WP,10.1,1.2,NA,1.5,51,0,10.3,1.2,0.2,1.5,51,0,10.3,1.2,0,1.5,51,0,10.7,1.4,0.2,1.5,64,0,
7,78,RO,8.8,0.7,NA,1,30,0,9.1,0.7,0.3,1,30,0,9.4,0.8,0.2,1,30,0,9.8,0.9,0.3,1,38,0,
7,79,WO,9.9,1.1,NA,1,38,0,10.1,1.1,0.2,1,38,0,10.3,1.2,0.1,1,38,0,10.5,1.3,0.1,1,38,0,
7,80,RO,12.9,1.1,NA,0.5,44,0,13.3,1.2,0.3,0.5,44,0,13.8,1.4,0.3,0.5,51,0,14.3,1.6,0.3,0.5,51,0,
7,81,WP,8.9,1,NA,1,23,0,9.2,1.1,0.2,1,23,0,9.5,1.2,0.2,1,31,0,9.8,1.3,0.2,1,39,0,
7,82,WO,7,0.6,NA,0,0,0.07,7.1,0.6,0.1,0,0,0.07,7.1,0.6,0,0,0,0.07,7777,7777,7777,7777,7777,7777,
7,83,RO,8.7,0.7,NA,0.5,22,0,9,0.7,0.3,0.5,22,0,9.5,0.8,0.4,0.5,22,0,9.8,0.8,0.3,0.5,26,0,
7,84,WP,6,0.8,NA,0,0,0.03,6.2,0.8,0.2,0,0,0.03,6.3,0.8,0.1,0,0,0.03,6.4,0.8,0.1,*CD?,0,0.03,
7,85,RO,13.6,1,NA,1,82,0,14.2,1.1,0.5,1,82,0,14.5,1.1,0.3,1,82,0,15.1,1.1,0.6,1.5,128,0,
7,86,RO,9.2,0.7,NA,1,30,0,9.6,0.8,0.3,1,38,0,10.2,0.8,0.6,1.5,50,0,10.7,0.9,0.4,1.5,63,0,
7,87,H,3.6,NA,NA,NA,NA,NA,3.6,NA,NA,0,0,0,3.7,NA,NA,NA,NA,NA,3.7,NA,NA,NA,NA,NA,
7,88,RO,15.5,1.1,NA,1,95,0,16.2,1.1,0.7,1,108,0,17,1.1,0.8,1,124,0,17.8,1.1,0.8,1,140,0,
7,89,RO,9.6,0.8,NA,0.5,26,0,10,0.8,0.4,0.5,26,0,10.4,0.9,0.3,0.5,26,0,10.6,1,0.1,0.5,32,0,
7,90,RO,6.7,0.7,NA,0,0,0.07,6.9,0.7,0.2,0,0,0.07,7.3,0.8,0.3,0,0,0.07,7.7,1,0.2,*CD?,0,0.09,
7,91,H,4.3,0.3,NA,0,0,0.01,4.4,0.3,0.1,0,0,0.01,4.5,0.3,0.1,0,0,0.01,4.5,0.3,0,*CD?,0,0.01,
7,92,RO,12.2,0.9,NA,1.5,77,0,12.7,1,0.4,1.5,94,0,13.4,1.1,0.6,1.5,94,0,13.7,1.1,0.3,1.5,110,0,
7,93,WP,16.5,1.8,NA,2,178,0,16.8,1.9,0.2,2,203,0,17.2,2.1,0.2,2,203,0,17.5,2.2,0.2,2,203,0,
7,94,RO,7.6,0.8,NA,*CD?,0,0.09,7.8,0.8,0.2,*CD?,0,0.09,8,0.8,0.2,*CD?,0,0.09,8.4,1,0.2,*CD?,0,0.09,
7,95,RO,10.8,0.8,NA,1,30,0,11,0.8,0.2,1,48,0,11.5,0.8,0.5,1,48,0,11.8,0.8,0.3,1,58,0,
7,96,RO,7.6,0.7,NA,*CD?,0,0.09,7.9,0.8,0.2,*CD?,0,0.09,8.3,0.9,0.3,*CD?,0,0.09,8.5,1,0.1,*CD?,0,0.09,
7,97,RO,3.8,0.4,NA,0,0,0,4,0.4,0.2,0,0,0.01,4.2,0.4,0.2,0,0,0.01,4.3,0.4,0.1,*CD?,0,0.01,
7,98,RO,,,,,,,7.2,0.7,0.2,0,0,0.07,7.5,0.8,0.2,0,0,0.07,7.8,0.9,0.2,*CD?,0,0.09,
7,99,WP,6.9,0.9,NA,0,0,0.05,6.9,0.9,0,0,0,0.05,6.9,0.9,0,0,0,0.05,7.1,1,0.1,*CD?,0,0.05,
7,100,HE,3.6,NA,NA,NA,NA,NA,3.7,NA,0,0,0,0,7777,7777,7777,7777,7777,7777,7777,7777,7777,7777,7777,7777,
7,101,WP,13.7,1.8,NA,1.5,110,0,14,1.9,0.2,1.5,110,0,14.4,2,0.3,1.5,133,0,14.7,2.1,0.2,2.5,177,0,
7,102,HE,10.1,1,NA,1,28,0,10.9,1.1,0.7,1,34,0,12,1.2,1,1,43,0,12.9,1.4,0.7,1,52,0,
7,103,RO,12.7,1,NA,1,70,0,13.2,1,0.5,1,70,0,13.7,1,0.5,1,82,0,14.4,1.2,0.5,1,82,0,
7,104,RO,9.1,0.8,NA,0.5,22,0,9.4,0.8,0.3,0.5,22,0,9.7,0.8,0.3,1,38,0,10.0,0.9,0.2,1,38,0,
7,105,RO,7.8,0.7,NA,*CD?,0,0.09,8,0.7,0.2,*CD?,0,0.09,8.3,0.7,0.3,*CD?,0,0.09,8.5,0.8,0.1,0.5,0,0.09,
7,106,RO,7.4,0.7,NA,0,0,0.07,7.7,0.8,0.2,*CD?,0,0.09,7.9,0.9,0.1,*CD?,0,0.09,8.0,0.9,0.1,*CD?,0,0.09,
7,107,RO,7.4,0.6,NA,0,0,0.07,7.4,0.6,0,0,0,0.07,7777,7777,7777,7777,7777,7777,7777,7777,7777,7777,7777,7777,
7,108,WO,10,1.2,NA,1,38,0,10.3,1.3,0.2,1,38,0,10.7,1.4,0.3,1,48,0,11.0,1.5,0.2,1,48,0,
7,109,RO,6.3,0.7,NA,0,0,0.05,6.7,0.8,0.3,0,0,0.07,7.1,0.9,0.3,0,0,0.07,7.4,1,0.2,*CD?,0,0.07,
7,110,RO,9.5,0.8,NA,*CD?,0,0.12,9.7,0.8,0.2,*CD?,0,0.17,10,0.8,0.3,*CD?,0,0.17,10.2,0.8,0.2,0.5,26,0,
7,111,RO,4.1,0.4,NA,0,0,0.01,4.1,0.4,0,0,0,0.01,7777,7777,7777,7777,7777,7777,7777,7777,7777,7777,7777,7777,
7,112,RO,8.2,1,NA,0,0,0.09,8.4,1,0.2,*CD?,0,0.09,8.6,1,0.2,1,30,0,8.8,1.1,0.1,1,30,0,
7,113,RO,10.3,0.8,NA,1,38,0,10.6,0.8,0.3,1,48,0,11.1,0.9,0.4,1,48,0,11.5,1,0.3,1,48,0,
7,114,RO,7.8,0.7,NA,*CD?,0,0.09,8.1,0.7,0.3,*CD?,0,0.09,8.5,0.8,0.3,*CD?,0,0.09,8.8,0.9,0.2,1,30,0,
7,115,RO,5.9,0.8,NA,0,0,0.05,6.1,0.8,0.2,0,0,0.05,6.3,0.8,0.2,0,0,0.05,6.4,0.8,0.1,*CD?,0,0.05,
7,116,MS,,,,,,,3.6,NA,NA,0,0,0.01,7777,7777,7777,7777,7777,7777,7777,7777,7777,7777,7777,7777,
7,117,RO,8.9,0.7,NA,1,30,0,9.4,0.8,0.4,1,30,0,9.9,0.9,0.4,1,38,0,10.4,1.1,0.3,1.5,50,0,
7,118,WO,8.8,0.9,NA,1,30,0,9,0.9,0.2,1,30,0,9.4,1,0.3,1,30,0,9.7,1.1,0.2,1,38,0,
7,119,RO,6.1,0.6,NA,0,0,0.05,6.4,0.7,0.2,0,0,0.05,6.8,0.8,0.3,0,0,0.07,7.0,0.8,0.2,*CD?,0,0.07,
7,120,RO,6.9,0.7,NA,0,0,0.07,7.2,0.7,0.3,0,0,0.07,7.5,0.8,0.2,0,0,0.07,7.7,0.9,0.1,*CD?,0,0.09,
7,121,NA,,,,,,,NA,NA,NA,NA,NA,NA,NA,NA,NA,NA,NA,NA,,,,,,,
7,122,RO,11.5,0.9,NA,1.5,63,0,12,1,0.4,1.5,77,0,12.8,1.2,0.6,1.5,94,0,13.6,1.4,0.6,2,138,0,
7,123,RO,8.3,0.8,NA,*CD?,0,0.09,8.6,0.8,0.3,0.5,19,0,9,0.9,0.3,1,30,0,9.5,1.1,0.3,1,30,0,
7,124,RO,8.9,0.9,NA,0.5,22,0,9.2,0.9,0.3,0.5,19,0,9.5,1,0.2,0.5,22,0,9.8,1.2,0.1,0.5,26,0,
7,125,RO,9.5,1.1,NA,1,30,0,9.7,1.1,0.2,1,38,0,10,1.1,0.3,1,38,0,10.3,1.2,0.2,1,38,0,
7,126,RO,9.7,0.8,NA,1,0,0,10.1,0.9,0.3,1,30,0,10.5,1,0.3,1.5,50,0,10.9,1.2,0.2,1.5,63,0,
7,127,RO,8.6,0.8,NA,0.5,22,0,8.9,0.9,0.2,0.5,2,0,9.3,0.9,0.4,0.5,22,0,9.5,1,0.1,0.5,22,0,
7,128,RO,13.9,1,NA,1.5,110,0,14.4,1.1,0.4,1.5,110,0,15.2,1.2,0.7,1.5,128,0,16.1,1.4,0.7,1.5,146,0,
7,129,RO,12,1,NA,1.5,77,0,12.4,1.1,0.3,*CD?,0,0.25,13.1,1.2,0.6,1.5,94,0,13.5,1.3,0.3,2,117,0,
7,130,SM,6.2,0.4,NA,0,0,0.05,6.2,0.4,0,0,0,0.05,6.8,0.4,0.6,0,0,0.07,7.0,0.5,0.1,*CD?,0,0.07,
7,131,RO,12.9,1,NA,1.5,94,0,13.9,1.1,0.9,1.5,110,0,14.8,1.2,0.8,1.5,128,0,15.6,1.3,0.7,2,183,0,
7,132,SM,4.7,0.4,NA,0,0,0.03,4.8,0.4,0.1,0,0,0.03,5,0.5,0.1,0,0,0.03,5.2,0.6,0.1,*CD?,0,0.03,
7,133,BE,4.3,0.2,NA,0,0,0.01,4.7,0.2,0.3,0,0,0.03,5.2,0.2,0.5,0,0,0.03,5.6,0.2,0.4,*CD?,0,0.05,
7,134,RO,12.7,1,NA,1.5,94,0,12.9,1,0.2,1.5,94,0,13.2,1,0.3,1.5,94,0,13.6,1,0.4,1.5,110,0,
7,135,RO,4.2,0.7,NA,0,0,0.01,4.5,0.8,0.2,0,0,0.01,4.8,0.9,0.2,0,0,0.03,4.9,0.9,0.1,*CD?,0,0.03,
7,136,RO,10.8,0.8,NA,2,78,0,11.4,0.9,0.5,2,78,0,12,1,0.5,2,96,0,12.7,1.2,0.5,2,117,0,
7,137,RO,8.2,0.9,NA,*CD?,0,0.09,8.2,0.9,0,*CD?,0,0.09,8.2,0.9,0,0.5,0,0.09,8.5,1,0.2,0.5,0,0.09,
7,138,RO,9,1,NA,1,30,0,9.4,1,0.4,1,30,0,9.8,1.1,0.3,1,38,0,10.1,1.2,0.2,1,38,0,
7,139,HE,3.9,0.5,NA,0,0,0,4.4,0.6,0.4,0,0,0,5.8,0.8,0.2,0,0,0.01,5.8,0.8,0,*CD?,0,0.03,
7,140,RO,10.1,0.8,NA,1,38,0,10.4,0.9,0.2,1,38,0,10.9,0.9,0.5,1.5,63,0,11.3,1.1,0.2,1.5,63,0,
7,141,RO,8.8,0.7,NA,1,30,0,9.2,0.8,0.3,1,30,0,9.5,0.9,0.2,1,30,0,9.8,1,0.2,1,3.8,0,
7,142,RO,11,0.8,NA,2,78,0,11.5,0.9,0.4,2,78,0,12.3,1,0.7,2,96,0,13.0,1.1,0.6,2,117,0,
7,143,RO,11.8,0.9,NA,1,58,0,12.3,0.9,0.5,1,58,0,13,1,0.6,1.5,94,0,13.7,1.1,0.6,1.5,110,0,
7,144,SM,,,,,,,3.6,NA,NA,*CD?,0,0.01,3.9,0.4,NA,NA,NA,NA,4.3,0.6,0.2,*CD?,0,0.01,
7,145,HE,,,,,,,4,0.5,NA,0,0,0,4.9,0.6,0.8,0,0,0.01,5.6,0.6,0.7,*CD?,0,0.03,
7,146,WO,,,,,,,3.9,NA,NA,0,0,0.01,4.3,0.7,0.3,0,0,0.01,4.6,0.8,0.2,*CD?,0,0.03,
7,147,MS,,,,,,,NA,NA,NA,0,0,0,NA,NA,NA,NA,NA,NA,,,,,,,
7,198A,HE,,,,,,,,,,,,,,,,,,,4.0,0.3,NA,*CD?,0,0.01,
7,207A,SM,,,,,,,,,,,,,,,,,,,4.1,0.2,NA,*CD?,0,0.01,
7,222A,WB,,,,,,,,,,,,,,,,,,,4.1,0.2,NA,*CD?,0,0.01,
7,226A,SM,,,,,,,,,,,,,,,,,,,4.0,0.2,NA,*CD?,0,0.01,
7,39A,BE,3.5,NA,NA,NA,NA,NA,3.7,0,0,*CD?,0,0.01,3.8,0.2,NA,*CD?,0,0.01,4.0,0.2,0.2,*CD?,0,0.01,
7,66A,MS,3.6,NA,NA,,NA,NA,3.9,NA,NA,0,0,0,4,0.3,0.1,0,0,0.01,4.4,0.3,0.4,*CD?,0,0.01,
7,84A,RO,8,0.6,NA,*CD?,0,0.09,8.4,0.7,0.3,*CD?,0,0.09,8.8,0.7,0.4,0.5,22,0,9.0,0.8,0.1,0.5,22,0,
8,1,HM,5.7,0.3,NA,0,0,0.05,6,0.4,0.2,0,0,0.05,6.3,0.5,0.2,0,0,0.05,6.4,0.5,0.1,0,0,0.05,
8,2,HM,5.4,0.5,NA,0,0,0.03,5.4,0.5,0,0,0,0.05,5.6,0.6,0.1,0,0,0.05,5.7,0.6,0.1,0,0,0.05,
8,3,HM,9.8,0.6,NA,1,38,0,10,0.6,0.2,1,38,0,10.2,0.6,0.2,1.5,50,0,10.5,0.8,0.1,1.5,50,0,
8,4,BE,5,0.3,NA,0,0,0.03,5,0.3,0,0,0,0.03,5.1,0.3,0.1,0,0,0.03,5.1,0.3,0,0,0,0.03,
8,5,BE,11.1,0.3,NA,1.5,71,0,11.8,0.4,0.6,1.5,86,0,12.6,0.4,0.8,1.5,104,0,13.0,0.4,0.4,1.5,104,0,
8,6,BE,7.5,0.2,NA,0,0,0.07,8.2,0.3,0.6,0,0,0.09,8.8,0.3,0.6,1,33,0,9.3,0.3,0.5,1,33,0,
8,7,BE,6,0.2,NA,0,0,0.05,6.1,0.2,0.1,0,0,0.05,6.1,0.2,0,0,0,0.05,6.2,0.2,0.1,0,0,0.05,
8,8,HH,4.2,0.2,NA,0,0,0.01,4.2,0.2,0,0,0,0.01,4.2,0.2,0,0,0,0.01,4.2,0.2,0,0,0,0.01,
8,9,BE,6.2,0.2,NA,0,0,0.05,6.6,0.2,0.4,0,0,0.07,6.8,0.2,0.2,0,0,0.07,7.1,0.2,0.3,0,0,0.07,
8,10,RM,5.8,0.4,NA,0,0,0.05,6.6,0.4,0.8,0,0,0.07,7.3,0.4,0.7,0,0,0.07,8.1,0.5,0.7,0,0,0.09,
8,11,RM,4.6,0.3,NA,0,0,0.03,5.1,0.3,0.5,0,0,0.03,5.9,0.4,0.6,0,0,0.05,6.3,0.5,0.4,0,0,0.05,
8,12,WB,7.4,0.4,NA,0,0,0.07,7.9,0.4,0.5,1,0,0.09,8.8,0.4,0.9,1,30,0,9.4,0.4,0.6,1,30,0,
8,13,BE,10,0.3,NA,1,42,0,10.4,0.3,0.4,1,42,0,11,0.3,0.6,1,54,0,11.2,0.3,0.2,1,54,0,
8,14,BE,12.1,0.4,NA,1,65,0,12.5,0.4,0.4,1,65,0,13.2,0.4,0.7,1,78,0,14.6,0.4,1.4,1,106,0,
8,16,BE,10.1,0.3,NA,1.5,56,0,10.9,0.3,0.8,1.5,71,0,11.7,0.3,0.8,1.5,86,0,12.4,0.3,0.7,1.5,86,0,
8,17,WB,5.1,0.3,NA,0,0,0.03,7777,0.3,7777,7777,7777,7777,7777,7777,7777,7777,7777,7777,7777,7777,7777,7777,7777,7777,
8,18,BE,10,0.3,NA,1.5,56,0,10.7,0.3,0.7,1.5,71,0,11.2,0.3,0.5,1.5,71,0,12.1,0.3,0.9,1.5,86,0,
8,19,WB,8.6,0.6,NA,1,30,0,9,0.6,0.4,1,30,0,9.5,0.6,0.5,1.5,39,0,9.9,0.6,0.4,1.5,50,0,
8,20,BE,8.3,0.3,NA,1,0,0.09,8.9,0.3,0.6,1,33,0,9.5,0.3,0.6,1.5,41,0,10.2,0.3,0.7,1.5,56,0,
8,21,BE,6.5,0.2,NA,0,0,0.05,6.6,0.2,0.1,0,0,0.07,7,0.2,0.4,0,0,0.07,7.1,0.2,0.1,0,0,0.07,
8,23,BE,6.3,0.2,NA,0,0,0.05,6.4,0.2,0.1,0,0,0.05,6.6,0.2,0.2,0,0,0.07,7.0,0.3,0.3,0,0,0.07,
8,24,BE,4.9,0.2,NA,0,0,0.03,5,0.2,0.1,0,0,0.03,5.1,0.2,0.1,0,0,0.03,5.3,0.3,0.1,0,0,0.03,
8,25,BE,5,0.2,NA,0,0,0.03,5.2,0.2,0.2,0,0,0.03,5.3,0.2,0.1,0,0,0.03,5.4,0.2,0.1,0,0,0.03,
8,26,BE,5,0.2,NA,0,0,0.03,5,0.2,0,0,0,0.03,5,0.2,0,0,0,0.03,5.1,0.2,0.1,0,0,0.03,
8,27,BE,6,0.3,NA,0,0,0.05,6.1,0.3,0.1,0,0,0.05,6.2,0.3,0.1,0,0,0.05,6.3,0.3,0.1,0,0,0.05,
8,28,BE,10.3,0.3,NA,1,42,0,10.8,0.4,0.4,1,54,0,11.3,0.6,0.3,1.5,71,0,12.0,0.8,0.5,1.5,86,0,
8,30,BE,5.3,0.2,NA,0,0,0.03,5.3,0.2,0,0,0,0.03,5.3,0.2,0,0,0,0.03,7777,7777,7777,7777,7777,7777,
8,31,BE,12,0.4,NA,1,65,0,12.4,0.3,0.4,1,65,0,12.9,0.4,0.5,1,78,0,13.3,0.4,0.4,1,78,0,
8,32,BE,4,0.2,NA,0,0,0.01,4,0.2,0,0,0,0.01,4.2,0.2,0.2,0,0,0.01,4.2,0.2,0,0,0,0.01,
8,33,BE,7.6,0.3,NA,0,0,0.09,8.3,0.3,0.7,0,0,0.09,8.9,0.3,0.6,0,0,0.12,9.4,0.3,0.5,0,0,0.12,
8,34,HM,11.3,0.6,NA,1.5,63,0,11.6,0.6,0.3,1.5,77,0,11.8,0.6,0.2,2,96,0,11.9,0.6,0.1,2,96,0,
8,35,A,6.9,0.4,NA,0,0,0.07,7.5,0.5,0.5,0,0,0.07,7.9,0.6,0.3,0,0,0.09,8.3,0.8,0.2,0,0,0.09,
8,36,A,8.4,0.7,NA,1,0,0.09,9.2,0.8,0.7,1.5,41,0,9.9,1,0.5,2,69,0,10.8,1.2,0.7,2,88,0,
8,37,A,9,0.7,NA,1.5,41,0,9.6,0.8,0.5,1.5,56,0,10.1,0.8,0.5,2,69,0,10.8,1,0.5,2,88,0,
8,38,BE,6.1,0.2,NA,0,0,0.05,6.3,0.3,0.1,0,0,0.05,6.5,0.3,0.2,0,0,0.05,6.7,0.3,0.2,0,0,0.07,
8,39,BE,5.2,0.2,NA,0,0,0.03,5.3,0.2,0.1,0,0,0.03,5.5,0.2,0.2,0,0,0.03,5.6,0.2,0.1,0,0,0.05,
8,40,BE,9.8,0.3,NA,1,42,0,10.4,0.3,0.6,1,42,0,10.9,0.3,0.5,1,54,0,11.5,0.3,1.6,1,54,0,
8,41,BE,5.4,0.2,NA,0,0,0.03,5.5,0.2,0.1,0,0,0.03,5.7,0.3,0.1,0,0,0.05,6.0,0.4,0.2,0,0,0.05,
8,42,BE,3.8,0.2,NA,0,0,0,4,0.2,0.2,0,0,0.01,4,0.2,0,0,0,0.01,7777,7777,7777,7777,7777,7777,
8,43,BE,6.7,0.2,NA,0,0,0.07,7.1,0.2,0.4,0,0,0.07,7.5,0.3,0.3,0,0,0.07,7.9,0.3,0.4,0,0,0.09,
8,44,BE,5.6,0.2,NA,0,0,0.05,5.8,0.3,0.1,0,0,0.05,5.9,0.3,0.1,0,0,0.05,6.1,0.3,0.2,0,0,0.05,
8,45,BE,7,0.2,NA,0,0,0.07,7.5,0.2,0.5,0,0,0.07,7.9,0.3,0.3,0,0,0.09,8.3,0.4,0.3,0,0,0.09,
8,46,BE,4.1,0.2,NA,0,0,0.01,4.1,0.2,0,0,0,0.01,4.1,0.2,0,0,0,0.01,4.7,0.3,0.5,0,0,0.03,
8,47,A,13.2,1.2,NA,1.5,104,0,13.7,1.2,0.5,1.5,122,0,14.2,1.4,0.3,2,153,0,14.9,1.6,0.5,2,180,0,
8,48,BE,6.3,0.2,NA,0,0,0.05,6.5,0.3,0.1,0,0,0.05,7,0.4,0.4,0,0,0.07,7.1,0.4,0.1,0,0,0.07,
8,49,RM,7,0.4,NA,0,0,0.07,7.2,0.4,0.2,0,0,0.07,7.4,0.4,0.2,0,0,0.07,7.6,0.4,0.2,0,0,0.09,
8,50,A,10.7,1,NA,2,88,0,11.5,1,0.8,2,88,0,12,1.1,0.4,2.5,125,0,12.6,1.2,0.5,2.5,152,0,
8,51,WB,4.2,0.3,NA,0,0,0.01,4.3,0.3,0.1,0,0,0.01,7777,7777,7777,7777,7777,7777,7777,7777,7777,7777,7777,7777,
8,53,A,9,0.7,NA,1,33,0,9.5,0.8,0.4,1,33,0,10,1,0.3,2,69,0,10.6,1.2,0.4,2,88,0,
8,54,RM,10.2,0.8,NA,1,0,0,10.5,1,0.1,1,38,0,10.6,1,0.1,1,48,0,10.7,1,0.1,1,48,0,
8,55,RM,13.3,0.9,NA,2,117,0,13.4,0.9,0.1,2,117,0,13.4,0.9,0,2,117,0,7777,7777,7777,7777,7777,7777,
8,56,BE,9.7,0.3,NA,1,42,0,10.2,0.3,0.5,1,42,0,10.7,0.3,0.5,1.5,71,0,11.2,0.4,0.4,1.5,71,0,
8,57,BE,4,0.2,NA,0,0,0.01,4.2,0.2,0.2,0,0,0.01,4.4,0.2,0.2,0,0,0.01,4.5,0.2,0.1,0,0,0.01,
8,59,RM,7,0.4,NA,0,0,0.07,7.3,0.4,0.3,0,0,0.07,7.5,0.4,0.2,0,0,0.07,7.8,0.4,0.3,0,0,0.09,
8,60,RM,5.4,0.3,NA,0,0,0.03,5.5,0.3,0.1,0,0,0.03,5.6,0.3,0.1,0,0,0.05,5.7,0.3,0.1,0,0,0.05,
8,61,RM,6.7,0.4,NA,0,0,0.07,7.2,0.4,0.5,0,0,0.07,7.5,0.4,0.3,0,0,0.07,8.0,0.5,0.4,0,0,0.09,
8,62,A,7.2,0.4,NA,0,0,0.07,7.4,0.4,0.2,0,0,0.07,7777,7777,7777,7777,7777,7777,7777,7777,7777,7777,7777,7777,
8,63,RM,4.3,0.3,NA,0,0,0.01,4.4,0.3,0.1,0,0,0.01,4.4,0.3,0,0,0,0.01,5.0,0.4,0.5,0,0,0.03,
8,64,RM,6,0.4,NA,0,0,0.05,6.5,0.4,0.5,0,0,0.05,6.5,0.4,0,0,0,0.05,6.9,0.4,0.4,0,0,0.07,
8,65,BE,4,0.2,NA,0,0,0.01,4,0.2,0,0,0,0.01,4.1,0.2,0.1,0,0,0.01,4.2,0.2,0.1,0,0,0.01,
8,66,RM,12.6,0.8,NA,1,0,0.3,13,0.8,0.4,1.5,94,0,13.3,0.8,0.3,1.5,94,0,13.5,0.8,0.2,1.5,94,0,
8,67,BE,5.5,0.2,NA,0,0,0.03,5.7,0.2,0.2,0,0,0.05,5.9,0.2,0.2,0,0,0.05,6.2,0.2,0.3,0,0,0.05,
8,68,BE,6.9,0.3,NA,0,0,0.07,7,0.3,0.1,0,0,0.07,7.1,0.3,0.1,0,0,0.07,7.3,0.3,0.2,0,0,0.07,
8,69,BE,6.7,0.3,NA,0,0,0.07,6.9,0.3,0.2,0,0,0.07,7.2,0.3,0.3,0,0,0.07,7.5,0.3,0.3,0,0,0.07,
8,70,BE,5.1,0.2,NA,0,0,0.03,5.2,0.2,0.1,0,0,0.03,5.5,0.2,0.3,0,0,0.03,5.6,0.2,0.1,0,0,0.05,
8,71,BE,8.3,0.3,NA,1,0,0.09,8.6,0.3,0.3,1,33,0,8.9,0.4,0.2,1,33,0,9.1,0.4,0.2,1,33,0,
8,72,BE,6.7,0.2,NA,0,0,0.07,7,0.3,0.2,0,0,0.07,7.2,0.4,0.1,0,0,0.07,7.4,0.4,0.2,0,0,0.07,
8,73,BE,7.6,0.3,NA,0,0,0.09,8.1,0.3,0.5,0,0,0.09,8.7,0.3,0.6,0,0,0.12,9.2,0.4,0.4,0,0,0.12,
8,74,BE,5.5,0.3,NA,0,0,0.03,5.5,0.3,0,0,0,0.03,5.7,0.3,0.2,0,0,0.05,5.7,0.3,0,0,0,0.05,
8,75,BE,6.9,0.2,NA,0,0,0.07,7.2,0.3,0.2,0,0,0.07,7.4,0.3,0.2,0,0,0.07,7.5,0.3,0.1,0,0,0.07,
8,76,BE,3.8,0.2,NA,0,0,0,4.1,0.2,0.3,0,0,0.01,4.3,0.2,0.2,0,0,0.01,4.5,0.2,0.2,0,0,0.01,
8,77,BE,8.1,0.3,NA,1,0,0.09,8.4,0.3,0.3,1,0,0.09,8.6,0.3,0.2,1,33,0,8.8,0.3,0.2,1,33,0,
8,79,RM,7.1,0.5,NA,0,0,0.07,7.7,0.6,0.5,0,0,0.09,8.2,0.7,0.4,1,0,0.09,8.6,0.8,0.3,1,30,0,
8,81,BE,5.5,0.2,NA,0,0,0.03,5.7,0.2,0.2,0,0,0.05,6.2,0.3,0.4,0,0,0.05,6.3,0.3,0.1,0,0,0.05,
8,82,BE,5.7,0.2,NA,0,0,0.05,6.1,0.2,0.4,0,0,0.05,6.6,0.2,0.5,0,0,0.07,7.0,0.3,0.3,0,0,0.07,
8,83,WB,9.4,0.8,NA,1,30,0,9.6,0.8,0.2,1,38,0,9.6,0.8,0,1,38,0,11.0,1,1.2,1,48,0,
8,84,RM,7.3,0.8,NA,0,0,0.07,7.5,0.8,0.2,0,0,0.07,7.7,0.8,0.2,0,0,0.09,7.9,0.9,0.1,0,0,0.09,
8,85,RM,6.1,0.4,NA,0,0,0.05,7777,7777,7777,7777,7777,7777,7777,7777,7777,7777,7777,7777,7777,7777,7777,7777,7777,7777,
8,86,RM,9.6,0.7,NA,1.5,50,0,7777,7777,7777,7777,7777,7777,7777,7777,7777,7777,7777,7777,7777,7777,7777,7777,7777,7777,
8,87,WB,11.5,0.7,NA,2,78,0,11.8,0.7,0.3,2,96,0,12.1,0.8,0.2,2,96,0,12.4,1,0.1,2,96,0,
8,89,WB,9.1,0.6,NA,0,0,0.12,9.7,0.6,0.6,0,0,0.17,9.7,0.6,0,0,0,0.17,9.8,0.6,0.1,0,0,0.17,
8,91,SM,4.3,0.2,NA,0,0,0.01,4.3,0.2,0,0,0,0.01,4.8,0.3,0.4,0,0,0.03,5.4,0.4,0.4,0,0,0.03,
8,92,RO,14.5,1,NA,1,82,0,15,1.1,0.4,1,95,0,15.6,1.2,0.5,1.5,146,0,16.1,1.2,0.05,1.5,146,0,
8,93,RO,12.7,0.7,NA,1,70,0,13.2,0.7,0.5,1,70,0,13.7,0.7,0.5,1,82,0,14.9,0.7,1.2,1,95,0,
8,94,RO,13.8,1,NA,1,82,0,14.4,1,0.6,1,82,0,15.1,1,0.7,1,95,0,15.5,1,0.4,1,95,0,
8,95,RM,4.2,0.4,NA,0,0,0.01,4.3,0.4,0.1,0,0,0.01,4.4,0.4,0.1,0,0,0.01,4.5,4,0.1,0,0,0.01,
8,96,MS,4.8,0.2,NA,0,0,0.03,4.8,0.2,0,0,0,0.03,7777,7777,7777,7777,7777,7777,7777,7777,7777,7777,7777,7777,
8,97,RO,17.6,1.3,NA,1.5,190,0,18.2,1.3,0.6,1.5,190,0,19.4,1.3,1.2,1.5,215,0,20.2,1.5,0.6,1.5,240,0,
8,98,WB,9.5,0.7,NA,1,30,0,9.6,0.7,0.1,1,38,0,9.8,0.8,0.1,2,61,0,9.8,0.8,0,2,61,0,
8,99,WP,5,1.1,NA,0,0,0.01,5.2,1.2,0.1,0,0,0.01,5.4,1.3,0.1,0,0,0.01,5.5,1.3,0.1,0,0,0.01,
8,100,WB,7.2,0.5,NA,0,0,0.07,7.4,0.6,0.1,0,0,0.07,7.5,0.6,0.1,0,0,0.07,7.5,0.6,0,0,0,0.07,
8,101,WP,5.4,0.8,NA,0,0,0.01,5.6,0.9,0.1,0,0,0.03,5.8,1,0.1,0,0,0.03,6.1,1.1,0.2,0,0,0.03,
8,102,WP,7.5,1.2,NA,0,0,0.05,7.6,1.2,0.1,0,0,0.08,7.8,1.3,0.1,0,0,0.08,8.1,1.5,0.1,0,0,0.08,
8,103,WB,11.4,0.6,NA,1.5,63,0,11.4,0.6,0,1.5,63,0,11.5,0.6,0.1,2,78,0,11.6,0.6,0.1,2,96,0,
8,104,SM,4,0.2,NA,0,0,0.01,4.3,0.3,0.2,0,0,0.01,4.4,0.3,0.1,0,0,0.01,4.6,0.4,0.1,0,0,0.03,
8,105,WB,8,0.5,NA,1,0,0.09,8.1,0.5,0.1,1,0,0.09,7777,7777,7777,7777,7777,7777,7777,7777,7777,7777,7777,7777,
8,106,WB,8.1,0.6,NA,0,0,0.09,8.2,0.6,0.1,0,0,0.09,8.3,0.6,0.1,0,0,0.09,8.6,0.7,0.2,0,0,0.12,
8,129A,,,,,,,,,,,,,,,,,,,,3.8,0.2,NA,0,0,0.01,
8,153A,,,,,,,,,,,,,,,,,,,,4.2,0.2,NA,0,0,0.01,
8,15A,BE,,,,,,,3.6,0.2,NA,0,0,0,3.6,0.2,NA,0,0,0,3.6,0.2,0,0,0,0,
8,36A,BE,4.6,0.2,NA,0,0,0.03,4.7,0.2,0.1,0,0,0.03,5.1,0.2,0.4,0,0,0.03,5.4,0.3,0.2,0,0,0.03,
8,52A,,,,,,,,,,,,,,,,,,,,3.9,0.2,NA,0,0,0,
8,58A,,,,,,,,,,,,,,3.6,0.2,NA,0,0,0,3.7,0.2,0.1,0,0,0,
8,78A,,,,,,,,,,,,,,,,,,,,3.6,0.2,NA,0,0,0,
8,80A,,,,,,,,,,,,,,3.6,0.2,NA,0,0,0,3.7,0.2,0.1,0,0,0,
8,88A,WB,,,,,,,3.9,0.3,NA,0,0,0,4.1,0.3,0.2,0,0,0.01,4.4,0.4,0.2,0,0,0.01,
8,90A,SM,3.8,0.2,NA,0,0,0,4.1,0.3,0.2,0,0,0.01,4.3,0.4,0.1,0,0,0.01,4.4,0.4,0.1,0,0,0.01,
9,1,BE,5.3,0.2,NA,0,0,0.03,5.4,0.2,0.1,0,0,0.03,5.6,0.2,0.2,0,0,0.05,5.7,0.2,0.1,0,0,0.05,
9,2,WP,12.4,0.7,NA,2,93,0,13.6,0.7,1.2,2,133,0,15,0.7,1.4,3,193,0,16.8,0.7,1.8,3,258,0,
9,3,WP,4.2,0.2,NA,0,0,0,4.2,0.2,0,0,0,0,7777,7777,7777,7777,7777,7777,7777,7777,7777,7777,7777,7777,
9,4,RM,4,0.2,NA,0,0,0.01,4.4,0.2,0.4,0,0,0.01,4.7,0.2,0.3,0,0,0.03,4.8,0.2,0.1,0,0,0.03,
9,6,BE,4.8,0.2,NA,0,0,0.03,5.1,0.2,0.3,0,0,0.03,5.6,0.2,0.5,0,0,0.05,6.0,0.2,0.4,0,0,0.05,
9,7,BE,6,0.2,NA,0,0,0.05,6.2,0.2,0.2,0,0,0.05,6.4,0.2,0.2,0,0,0.05,6.7,0.2,0.3,0,0,0.07,
9,8,BE,5.6,0.2,NA,0,0,0.05,5.7,0.2,0.1,0,0,0.05,5.8,0.2,0.1,0,0,0.05,5.9,0.2,0.1,0,0,0.05,
9,9,BE,5.5,0.2,NA,0,0,0.03,5.5,0.2,0,0,0,0.03,7777,7777,7777,7777,7777,7777,7777,7777,7777,7777,7777,7777,
9,10,BE,4,0.2,NA,0,0,0.01,4.1,0.2,0.1,0,0,0.01,4.2,0.2,0.1,0,0,0.01,4.2,0.2,0,0,0,0.01,
9,11,BE,4.1,0.2,NA,0,0,0.01,4.6,0.2,0.5,0,0,0.03,5,0.2,0.4,0,0,0.03,5.4,0.2,0.4,0,0,0.03,
9,12,WB,7.7,0.5,NA,0,0,0.09,7.9,0.6,0.1,0,0,0.09,8,0.6,0.1,0.5,0,0.09,8.4,0.7,0.3,0.5,0,0.09,
9,13,BE,3.8,0.2,NA,0,0,0,4,0.2,0.2,0,0,0.01,4.2,0.2,0.2,0,0,0.01,4.5,0.2,0.3,0,0,0.01,
9,14,BE,4.9,0.2,NA,0,0,0.03,5,0.2,0.1,0,0,0.03,5.1,0.2,0.1,0,0,0.03,7777,7777,7777,7777,7777,7777,
9,15,WP,5.4,0.2,NA,0,0,0.01,5.8,0.3,0.3,0,0,0.03,6,0.3,0.2,0,0,0.03,6.2,0.4,0.1,0,0,0.03,
9,16,WP,3.8,0.2,NA,0,0,0,4.7,0.2,0.9,0,0,0.01,5.5,0.2,0.8,0,0,0.01,6.7,0.3,1.1,0.5,0,0.05,
9,17,RO,5.8,0.5,NA,0,0,0.05,6.8,0.5,1,0,0,0.07,7.5,0.5,0.7,0,0,0.07,8.2,0.5,0.7,0,0,0.09,
9,18,BE,4.5,0.2,NA,0,0,0.01,4.6,0.2,0.1,0,0,0.03,4.6,0.2,0,0,0,0.03,4.6,0.2,0,0,0,0.03,
9,19,BE,3.6,0.2,NA,0,0,0,3.8,0.2,0.2,0,0,0,4.3,0.2,0.5,0,0,0.01,4.9,0.2,0.6,0,0,0.03,
9,20,BE,4.2,0.2,NA,0,0,0.01,4.6,0.2,0.4,0,0,0.03,5.1,0.2,0.5,0,0,0.03,5.5,0.2,0.4,0,0,0.03,
9,22,RM,6.7,0.6,NA,0,0,0.07,6.9,0.7,0.1,0,0,0.07,7,0.7,0.1,0,0,0.07,7.0,0.7,0,0,0,0.07,
9,23,RM,6.7,0.5,NA,0,0,0.07,6.9,0.6,0.1,0,0,0.07,7,0.6,0.1,0,0,0.07,7.2,0.6,0.2,0,0,0.07,
9,24,RM,6.8,0.5,NA,0,0,0.07,7,0.6,0.1,0,0,0.07,7,0.6,0,0,0,0.07,7.1,0.6,0.1,0,0,0.07,
9,25,WB,9.9,0.6,NA,1,38,0,9.9,0.6,0,1,38,0,9.9,0.6,0,1,38,0,7777,7777,7777,7777,7777,7777,
9,26,WP,5.6,0.3,NA,0,0,0.03,5.8,0.3,0.2,0,0,0.03,6,0.4,0.1,0,0,0.03,6.3,0.5,0.2,0,0,0.03,
9,27,RO,17.3,1.2,NA,1,124,0,18.1,1.3,0.7,1,140,0,19.1,1.4,0.9,1,158,0,20.0,1.6,0.7,1,176,0,
9,28,BE,4.4,0.2,NA,0,0,0.01,4.4,0.2,0,0,0,0.01,4.6,0.2,0.2,0,0,0.03,4.8,0.2,0.2,0,0,0.03,
9,29,BE,4,0.2,NA,0,0,0.01,4.2,0.2,0.2,0,0,0.01,4.3,0.2,0.1,0,0,0.01,4.4,0.2,0.1,0,0,0.01,
9,30,RM,7,0.7,NA,0,0,0.07,7.2,0.8,0.1,0,0,0.07,7.3,0.8,0.1,0,0,0.07,7.4,0.8,0.1,0,0,0.07,
9,31,RM,7.7,0.7,NA,0,0,0.09,8,0.8,0.2,0,0,0.09,8.2,0.9,0.1,0,0,0.09,8.3,0.9,0.1,0,0,0.09,
9,32,BE,6.3,0.2,NA,0,0,0.05,6.7,0.2,0.4,0,0,0.07,7,0.2,0.3,0,0,0.07,7.4,0.2,0.4,0,0,0.07,
9,33,RM,6,0.4,NA,0,0,0.05,6.2,0.4,0.2,0,0,0.05,6.3,0.4,0.1,0,0,0.05,6.4,0.4,0.5,0,0,0.05,
9,34,RM,5.5,0.3,NA,0,0,0.03,5.7,0.4,0.1,0,0,0.05,5.7,0.4,0,0,0,0.05,5.8,0.4,0.1,0,0,0.05,
9,35,BE,7,0.2,NA,0,0,0.07,7.4,0.2,0.4,0,0,0.07,7.8,0.3,0.3,0,0,0.09,8.1,0.3,0.3,0,0,0.09,
9,37,BE,6.6,0.2,NA,0,0,0.07,7,0.2,0.4,0,0,0.07,7.6,0.3,0.5,0,0,0.09,7.8,0.3,0.2,0,0,0.09,
9,38,BE,6.7,0.2,NA,0,0,0.07,7.1,0.2,0.4,0,0,0.07,7.3,0.2,0.2,0,0,0.07,7.6,0.2,0.3,0,0,0.09,
9,39,WB,6,0.4,NA,0,0,0.05,6.6,0.4,0.6,0,0,0.07,7.3,0.4,0.6,0,0,0.07,7.8,0.4,0.6,0,0,0.09,
9,40,RM,6.8,0.4,NA,0,0,0.07,6.8,0.4,0,0,0,0.07,7777,7777,7777,7777,7777,7777,7777,7777,7777,7777,7777,7777,
9,41,RM,5.2,0.3,NA,0,0,0.03,5.5,0.4,0.2,0,0,0.03,5.8,0.5,0.2,0,0,0.05,5.9,0.5,0.1,0,0,0.05,
9,42,RM,7.8,0.5,NA,0,0,0.09,7.9,0.5,0.1,0,0,0.09,8.2,0.7,0.1,0,0,0.09,8.2,0.7,0,0,0,0.09,
9,43,WO,8.2,0.6,NA,1,0,0.09,8.7,0.6,0.5,1,30,0,9.5,0.7,0.7,1,30,0,9.7,0.8,0.1,1,38,0,
9,44,WP,4.3,0.2,NA,0,0,0,4.6,0.3,0.2,0,0,0.01,4.7,0.3,0.1,0,0,0.01,5.0,0.4,0.2,0,0,0.01,
9,45,HE,5.6,0.6,NA,0,0,0.03,6.2,0.6,0.6,0,0,0.03,7.2,0.6,1,0,0,0.05,8.0,0.6,0.8,0.5,0,0.08,
9,46,BE,4.6,0.2,NA,0,0,0.03,4.8,0.2,0.2,0,0,0.03,5,0.2,0.2,0,0,0.03,5.3,0.2,0.3,0,0,0.03,
9,47,RO,12.9,1,NA,1,70,0,14.4,1,1.5,1,82,0,14.4,1,0,1.5,110,0,15.5,1,1.1,1.5,128,0,
9,48,RO,12.6,0.9,NA,1,70,0,13,0.9,0.4,1,70,0,13.6,0.9,0.6,1,82,0,14.1,0.9,0.5,1,82,0,
9,49,RO,12.9,1,NA,1,70,0,13.4,1,0.5,1,70,0,14,1.1,0.5,1,82,0,14.3,1.3,0.1,1,82,0,
9,50,RO,15.5,1.1,NA,1,95,0,16.2,1.1,0.7,1,108,0,16.5,1.1,0.3,1,108,0,16.8,1.1,0.3,1,124,0,
9,51,RO,8.5,0.6,NA,0.5,0,0.09,8.8,0.7,0.2,0.5,22,0,9.2,0.7,0.4,0.5,22,0,9.5,0.8,0.2,0.5,22,0,
9,52,BE,4.3,0.2,NA,0,0,0.01,4.5,0.2,0.2,0,0,0.01,4.5,0.2,0,0,0,0.01,4.6,0.2,0.1,0,0,0.03,
9,53,BE,4.1,0.2,NA,0,0,0.01,7777,7777,7777,7777,7777,7777,7777,7777,7777,7777,7777,7777,7777,7777,7777,7777,7777,7777,
9,54,RO,6.2,0.5,NA,0,0,0.05,6.5,0.6,0.2,0,0,0.05,6.6,0.6,0.1,0,0,0.07,7777,7777,7777,7777,7777,7777,
9,56,RO,4.6,0.5,NA,0,0,0.03,5,0.5,0.04,0,0,0.03,5.4,0.5,0.4,0,0,0.03,5.7,0.6,0.2,0,0,0.05,
9,57,RM,4.9,0.3,NA,0,0,0.03,7777,7777,7777,7777,7777,7777,7777,7777,7777,7777,7777,7777,7777,7777,7777,7777,7777,7777,
9,58,RM,6.3,0.7,NA,0,0,0.05,6.5,0.8,0.01,0,0,0.05,6.5,0.8,0,0,0,0.05,6.5,0.8,0,0,0,0.05,
9,59,RO,16.1,1.2,NA,1.5,146,0,17.2,1.2,1.1,1.5,168,0,18.1,1.3,0.8,1.5,190,0,19.0,1.4,0.8,1.5,215,0,
9,60,BE,6.6,0.2,NA,0,0,0.07,6.9,0.2,0.03,0,0,0.07,7.2,0.2,0.3,0,0,0.07,7.4,0.2,0.2,0,0,0.07,
9,61,BE,5.5,0.2,NA,0,0,0.03,6,0.2,0.05,0,0,0.05,6.3,0.2,0.3,0,0,0.05,6.5,0.2,0.2,0,0,0.05,
9,62,BE,7.3,0.2,NA,0,0,0.07,7.6,0.3,0.2,0,0,0.09,8,0.3,0.4,0.5,0,0.09,8.3,0.3,0.3,0.5,0,0.09,
9,63,BE,4.9,0.2,NA,0,0,0.03,5.1,0.2,0.2,0,0,0.03,5.4,0.2,0.3,0,0,0.03,5.5,0.2,0.1,0,0,0.03,
9,64,BE,7.2,0.2,NA,0,0,0.07,7.3,0.2,0.1,0,0,0.07,7.4,0.2,0,0,0,0.07,7.6,0.2,0.2,0,0,0.09,
9,65,BE,6.1,0.2,NA,0,0,0.05,6.2,0.2,0.1,0,0,0.05,6.3,0.2,0.1,0,0,0.05,6.3,0.2,0,0,0,0.05,
9,66,BE,4.3,0.2,NA,0,0,0.01,7777,7777,7777,7777,7777,7777,7777,7777,7777,7777,7777,7777,7777,7777,7777,7777,7777,7777,
9,67,BE,5.7,0.2,NA,0,0,0.05,5.9,0.2,0.2,0,0,0.05,6,0.2,0.1,0,0,0.05,6.3,0.2,0.3,0,0,0.05,
9,68,BE,4.2,0.2,NA,0,0,0.01,7777,7777,7777,7777,7777,7777,7777,7777,7777,7777,7777,7777,7777,7777,7777,7777,7777,7777,
9,70,BE,4.2,0.2,NA,0,0,0.01,4.5,0.2,0.3,0,0,0.01,4.8,0.2,0.3,0,0,0.03,5.1,0.2,0.3,0,0,0.03,
9,71,BE,3.9,0.2,NA,0,0,0,3.9,0.2,0,0,0,0,7777,7777,7777,7777,7777,7777,7777,7777,7777,7777,7777,7777,
9,72,RO,11.9,0.9,NA,1,58,0,12,0.9,0.1,1,58,0,12.1,0.9,0.1,1,58,0,13.4,1.2,1,1,70,0,
9,73,RO,5.7,0.5,NA,0,0,0.05,6,0.5,0.3,0,0,0.05,6.3,0.5,0.3,0,0,0.05,6.7,0.6,0.3,0,0,0.07,
9,74,RO,9.2,0.7,NA,1,30,0,9.6,0.8,0.3,1,38,0,10.4,0.8,0.8,1,38,0,10.9,0.8,0.5,1,48,0,
9,75,RO,13.1,0.9,NA,1,70,0,13.7,0.9,0.6,1,82,0,14.4,0.9,0.7,1,82,0,15.1,0.9,0.7,1,95,0,
9,76,RM,5.4,0.2,NA,0,0,0.03,5.5,0.2,0.1,0,0,0.03,5.6,0.2,0.1,0,0,0.05,5.6,0.2,0,0,0,0.05,
9,77,RO,10.1,0.8,NA,0.5,26,0,10.3,0.9,0.1,0.5,26,0,10.6,1.1,0.1,0.5,32,0,10.8,1.2,0.1,0.5,32,0,
9,78,BE,5.6,0.2,NA,0,0,0.05,5.7,0.2,0.1,0,0,0.05,6,0.2,0.3,0,0,0.05,6.1,0.2,0.1,0,0,0.05,
9,79,WB,5,0.3,NA,0,0,0.03,5,0.3,0,0,0,0.03,7777,7777,7777,7777,7777,7777,7777,7777,7777,7777,7777,7777,
9,80,WB,4.9,0.3,NA,0,0,0.03,5.2,0.3,0.3,0,0,0.03,5.4,0.4,0.1,0,0,0.03,5.5,0.4,0.1,0,0,0.03,
9,81,BE,6,0.2,NA,0,0,0.05,6.5,0.2,0.5,0,0,0.05,7,0.2,0.5,0,0,0.07,7.3,0.2,0.3,0,0,0.07,
9,82,BE,3.8,0.2,NA,0,0,0,3.8,0.2,0,0,0,0,3.9,0.2,0.1,0,0,0,3.9,0.2,0,0,0,0,
9,83,WB,6.2,0.4,NA,0,0,0.05,6.2,0.4,0,0,0,0.05,7777,7777,7777,7777,7777,7777,7777,7777,7777,7777,7777,7777,
9,84,BE,6.5,0.2,NA,0,0,0.05,6.7,0.2,0.2,0,0,0.07,6.8,0.2,0.1,0,0,0.07,6.9,0.2,0.1,0,0,0.07,
9,85,BE,4.7,0.2,NA,0,0,0.03,4.9,0.2,0.2,0,0,0.03,5,0.2,0.1,0,0,0.03,5.1,0.2,0.1,0,0,0.03,
9,86,BE,8.7,0.3,NA,1,33,0,9.2,0.3,0.5,1,33,0,9.9,0.3,0.7,1,42,0,10.2,0.3,0.3,1,42,0,
9,88,BE,5.1,0.2,NA,0,0,0.03,5.3,0.2,0.2,0,0,0.03,5.5,0.2,0.2,0,0,0.03,5.7,0.2,0.2,0,0,0.05,
9,89,HM,5.7,0.5,NA,1,30,0.03,5.9,0.6,0.1,0,0,0.05,6,0.6,0.1,0,0,0.05,6.0,0.6,0,0,0,0.05,
9,90,RO,9,0.7,NA,0,0,0,9.9,0.8,0.8,1,38,0,10.9,0.8,1,1,48,0,11.6,1,0.5,1,58,0,
9,91,RM,9.6,0.8,NA,0,0,0.17,9.8,0.8,0.2,0,0,0.17,9.9,0.8,0.1,0,0,0.17,9.9,0.8,0,0,0,0.17,
9,92,RM,9.1,0.6,NA,0,0,0.12,9.4,0.6,0.3,0,0,0.12,9.6,0.7,0.1,0,0,0.17,10.0,0.7,0.4,0,0,0.17,
9,93,YB,7,0.5,NA,0,0,0.07,7.5,0.6,0.4,0,0,0.07,7.7,0.6,0.2,0,0,0.09,7.7,0.6,0,0,0,0.09,
9,94,YB,5.1,0.6,NA,0,0,0.03,5.1,0.6,0,0,0,0.03,5.2,0.6,0.1,0,0,0.03,5.2,0.6,0,0,0,0.03,
9,95,HE,6.3,0.6,NA,0,0,0.03,6.8,0.6,0.5,0,0,0.05,7.3,0.6,0.5,0,0,0.05,7.7,0.8,0.2,0.5,0,0.08,
9,96,BE,8,0.3,NA,1,0,0.09,8.5,0.3,0.5,1,0,0.09,9.2,0.3,0.7,1,33,0,9.8,0.3,0.6,1,42,0,
9,97,BE,7.1,0.2,NA,0,0,0.07,7.5,0.3,0.3,0,0,0.07,8,0.3,0.5,0.5,0,0.09,8.5,0.3,0.5,0.5,0,0.09,
9,98,BE,5.4,0.2,NA,0,0,0.03,5.7,0.2,0.3,0,0,0.05,5.8,0.2,0.1,0,0,0.05,6.0,0.3,0.2,0,0,0.05,
9,99,RM,6.4,0.8,NA,0,0,0.05,6.5,0.8,0.1,0,0,0.05,6.5,0.8,0,0,0,0.05,6.5,0.8,0,0,0,0.05,
9,100,RM,6.5,0.4,NA,0,0,0.05,7777,7777,7777,7777,7777,7777,7777,7777,7777,7777,7777,7777,7777,7777,7777,7777,7777,7777,
9,102,RO,7.3,0.6,NA,0,0,0.07,7.9,0.6,0.6,0.5,0,0.09,8.4,0.6,0.5,0.5,0,0.09,8.9,0.8,0.3,1,30,0,
9,103,RO,12.3,0.9,NA,1,58,0,13,1,0.6,1,70,0,13.8,1,0.8,1,82,0,14.5,1.1,0.6,1,82,0,
9,104,BE,,,,,,,,,,,,,,,,,,,3.7,0.2,NA,0,0,0,
9,105,WP,7.4,0.6,NA,0,0,0.05,7.5,0.6,0.1,0,0,0.05,7.5,0.6,0,0,0,0.05,7.7,0.7,0.1,0.5,0,0.08,
9,106,RO,13.3,1,NA,0.5,44,0,13.9,1,0.6,0.5,51,0,14.6,1,0.7,1,95,0,15.3,1,0.7,1,95,0,
9,107,,,,,,,,,,,,,,,,,,,,,,,0,0,,
9,108,RM,6.7,0.4,NA,0,0,0.07,6.7,0.4,0,0,0,0.07,6.8,0.4,0.1,0,0,0.07,7777,7777,7777,7777,7777,7777,
9,109,RM,8.4,0.5,NA,0,0,0.09,8.4,0.5,0,0,0,0.09,8.4,0.5,0,1,0,0.09,8.9,0.7,0.2,0.5,22,0,
9,110,RO,9.6,0.8,NA,1,38,0,10,0.8,0.4,1,38,0,10.5,0.9,0.4,1,38,0,11.0,1.1,0.3,1,48,0,
9,112,RM,4.3,0.2,NA,0,0,0.01,4.3,0.2,0,0,0,0.01,7777,7777,7777,7777,7777,7777,7777,7777,7777,7777,7777,7777,
9,113,RO,13.3,1,NA,1,70,0,13.9,1,0.6,1,82,0,14.5,1,0.6,1,82,0,15.2,1.2,0.5,1,95,0,
9,114,WP,8.6,0.5,NA,1.5,42,0,8.9,0.5,0.3,1.5,42,0,9.4,0.5,0.5,1.5,42,0,9.9,0.6,0.4,1.5,51,0,
9,115,BE,5.6,0.2,NA,0,0,0.05,6.1,0.2,0.6,0,0,0.05,6.5,0.2,0.4,0,0,0.05,6.9,0.2,0.4,0,0,0.07,
9,116,,,,,,,,,,,,,,,,,,,,,,,,,,
9,117,RM,9.9,1.2,NA,0,0,0.17,9.9,1.2,0,0,0,0.17,9.9,1.2,0,0,0,0.17,9.9,1.2,0,0,0,0.17,
9,118,MS,4.6,0.3,NA,0,0,0.03,4.7,0.3,0.1,0,0,0.03,7777,7777,7777,7777,7777,7777,7777,7777,7777,7777,7777,7777,
9,119,HE,9.4,0.9,NA,0.5,18,0,9.5,0.9,0.1,0.5,18,0,9.8,1.1,0.1,0.5,19,0,10.0,1.2,0.1,0.5,19,0,
9,120,HE,15,1.3,NA,1,72,0,15.4,1.3,0.4,1,72,0,16.4,1.4,0.9,2,129,0,16.6,1.5,0.1,2,148,0,
9,122,BE,5.5,0.2,NA,0,0,0.03,5.9,0.2,0.4,0,0,0.05,6.5,0.2,0.6,0,0,0.05,6.8,0.2,0.3,0,0,0.07,
9,124,BE,6.5,0.2,NA,0,0,0.05,7.1,0.2,0.6,0,0,0.07,7.7,0.2,0.6,0,0,0.09,8.1,0.2,0.4,0,0,0.09,
9,125,HE,4.4,0.4,NA,0,0,0,4.9,0.5,0.4,0,0,0.01,5.6,0.5,0.7,0,0,0.03,6.4,0.5,0.8,0,0,0.03,
9,126,RM,4.8,0.3,NA,0,0,0.03,4.8,0.3,0,0,0,0.03,5,0.3,0.2,0,0,0.03,7777,7777,7777,7777,7777,7777,
9,127,RM,4.2,0.2,NA,0,0,0.01,4.2,0.2,0,0,0,0.01,7777,7777,7777,7777,7777,7777,7777,7777,7777,7777,7777,7777,
9,128,RM,5.4,0.5,NA,0,0,0.03,5.5,0.5,0.1,0,0,0.03,5.6,0.5,0.1,0,0,0.05,5.6,0.5,0,0,0,0.05,
9,129,BE,5.5,0.2,NA,0,0,0.03,5.9,0.2,0.4,0,0,0.05,6.3,0.2,0.4,0,0,0.05,6.8,0.2,0.5,0,0,0.07,
9,130,RM,4.9,0.2,NA,0,0,0.03,5.1,0.3,0.1,0,0,0.03,5.4,0.3,0.2,0,0,0.03,5.7,0.6,0.1,0,0,0.05,
9,131,BE,3.8,0.2,NA,0,0,0,4,0.2,0.2,0,0,0.01,4.1,0.2,0.1,0,0,0.01,4.3,0.2,0.2,0,0,0.01,
9,132,BE,4.2,0.2,NA,0,0,0.01,4.5,0.2,0.3,0,0,0.01,4.7,0.2,0.2,0,0,0.03,5.0,0.2,0.3,0,0,0.03,
9,133,,,,,,,,,,,,,,,,,,,,,,,,,,
9,134,RM,9.1,0.8,NA,0,0,0.12,9.3,0.9,0.1,0,0,0.12,9.5,1,0.1,0,0,0.12,9.7,1.1,0.1,0,0,0.17,
9,135,HE,9.7,0.9,NA,1,28,0,10.3,0.9,0.6,1,28,0,11,1,0.6,1,34,0,11.7,1.2,0.5,1,43,0,
9,136,RM,5,0.3,NA,0,0,0.03,5.2,0.3,0.2,0,0,0.03,5.5,0.3,0.3,0,0,0.03,5.7,0.4,0.1,0,0,0.05,
9,137,RM,5.3,0.3,NA,0,0,0.03,5.7,0.3,0.4,0,0,0.05,6,0.3,0.3,0,0,0.05,6.3,0.4,0.2,0,0,0.05,
9,138,RM,4.3,0.4,NA,0,0,0.01,4.4,0.4,0.1,0,0,0.01,4.4,0.4,0,0,0,0.01,4.4,0.4,0,0,0,0.01,
9,139,RM,4.3,0.2,NA,0,0,0.01,4.4,0.2,0.1,0,0,0.01,4.4,0.2,0,0,0,0.01,5.0,0.4,0.4,0,0,0.03,
9,140,HE,7.3,0.6,NA,0,0,0.05,7.8,0.7,0.4,0.5,0,0.09,8.3,0.7,0.5,0.5,0,0.09,8.7,0.8,0.3,1,20,0,
9,141,WP,10.5,0.6,NA,1.5,51,0,11.3,0.8,0.6,1.5,64,0,12,1,0.5,2.5,105,0,12.9,1.2,0.7,2.5,128,0,
9,142,HE,11.1,1,NA,1.5,46,0,11.6,1,0.5,1.5,56,0,12.6,1,1,2.5,90,0,13.5,1,0.9,2.5,90,0,
9,143,WO,4.7,0.5,NA,0,0,0.03,5.1,0.6,0.3,0,0,0.03,5.6,0.8,0.3,0,0,0.05,6.0,1,0.2,0,0,0.05,
9,144,RM,4.5,0.2,NA,0,0,0,5,0.2,0.5,0,0,0.03,5.4,0.2,0.4,0,0,0.03,5.6,0.2,0.2,0,0,0.05,
9,145,RM,3.9,0.2,NA,0,0,0.01,4,0.2,0.1,0,0,0.01,4,0.2,0,0,0,0.01,4.0,0.2,0,0,0,0.01,
9,146,RM,4.1,0.2,NA,0,0,0.01,4.4,0.2,0.3,0,0,0.01,4.5,0.2,0.1,0,0,0.01,4.6,0.2,0.1,0,0,0.03,
9,147,BE,6.4,0.2,NA,0,0,0.05,6.7,0.2,0.3,0,0,0.07,7,0.2,0.3,0,0,0.07,7.4,0.2,0.5,0,0,0.07,
9,148,RM,4.8,0.2,NA,0,0,0.03,5.4,0.3,0.5,0,0,0.03,5.7,0.4,0.2,0,0,0.05,6.1,0.5,0.3,0,0,0.05,
9,149,,,,,,,,,,,,,,,,,,,,,,,,,,
9,150,HE,11.4,1,NA,1.5,46,0,12,1.1,0.5,1.5,56,0,13,1.2,0.9,1.5,69,0,13.8,1.2,0.8,2.5,107,0,
9,151,HE,8.4,0.7,NA,0.5,0,0.08,8.7,0.8,0.2,1,20,0,9.2,0.8,0.5,1,20,0,9.6,1,0.2,1.5,36,0,
9,152,RM,6.2,0.4,NA,0,0,0.05,6.5,0.4,0.3,0,0,0.05,6.9,0.6,0.2,0,0,0.07,7.0,0.6,0.1,0,0,0.07,
9,153,RM,4.8,0.3,NA,0,0,0.03,5.2,0.3,0.4,0,0,0.03,5.5,0.4,0.2,0,0,0.03,5.7,0.5,0.1,0,0,0.05,
9,154,RM,4.6,0.3,NA,0,0,0.03,4.9,0.4,0.2,0,0,0.03,5,0.4,0.1,0,0,0.03,5.2,0.5,0.1,0,0,0.03,
9,155,BE,8.6,0.3,NA,0,0,0.12,9.3,0.3,0.7,0,0,0.12,10.4,0.3,1.1,0,0,0.17,11.2,0.3,0.8,0,0,0.2,
9,156,BE,5,0.2,NA,0,0,0.03,5.7,0.2,0.7,0,0,0.05,6.7,0.2,1,0,0,0.07,7.2,0.2,0.5,0,0,0.07,
9,157,BE,4.1,0.2,NA,0,0,0.01,4.3,0.2,0.2,0,0,0.01,4.7,0.2,0.4,0,0,0.03,4.7,0.2,0,0,0,0.03,
9,158,BE,7.2,0.2,NA,0,0,0.07,7.2,0.2,0,0,0,0.07,7.2,0.2,0,0,0,0.07,7.5,0.2,0.3,0,0,0.07,
9,159,RM,3.6,0.3,NA,0,0,0,3.7,0.3,0.1,0,0,0,4,0.4,0.2,0,0,0.01,4.0,0.4,0,0,0,0.01,
9,161,RM,6.1,0.4,NA,0,0,0.05,6.6,0.4,0.5,0,0,0.07,7,0.6,0.2,0,0,0.07,7.5,0.8,0.3,0,0,0.07,
9,163,RM,4.6,0.3,NA,0,0,0.03,5.1,0.3,0.5,0,0,0.03,5.4,0.4,0.2,0,0,0.03,5.8,0.5,0.3,0,0,0.05,
9,164,RM,,,,,,,,,,,,,,,,,,,3.6,0.2,NA,0,0,0,
9,165,HE,4,0.4,NA,0,0,0,4,0.4,0,0,0,0,4.4,0.4,0.4,0,0,0,4.6,0.5,0.1,0,0,0.01,
9,101A,BE,,,,,,,3.7,0.2,NA,0,0,0,4,0.2,0.3,0,0,0.01,4.1,0.2,0.1,0,0,0.01,
9,111A,HE,3.6,0.3,NA,0,0,0,4.2,0.4,0.5,0,0,0,5,0.6,0.6,0,0,0.01,5.7,0.8,0.5,0,0,0.03,
9,117A,YB,,,,,,,,,,,,,5,0.5,NA,0,0,0.03,5.3,0.6,0.2,0,0,0.03,
9,121A,RM,,,,,,,3.8,0.2,NA,0,0,0,4.2,0.2,0.4,0,0,0.01,4.4,0.2,0.2,0,0,0.01,
9,123A,BE,,,,,,,,,,,,,3.6,0.2,NA,0,0,0,3.7,0.2,0.1,0,0,0,
9,160A,RM,,,,,,,3.7,0.2,NA,0,0,0,3.8,0.2,0.1,0,0,0,3.9,0.2,0.1,0,0,0,
9,162A,RM,,,,,,,,,,,,,4.3,0.3,NA,0,0,0.01,5.5,0.5,1,0,0,0.03,
9,166A,WP,,,,,,,,,,,,,,,,,,,4.6,0.4,NA,0,0,0.01,
9,167A,RM,,,,,,,,,,,,,,,,,,,4.2,0.2,NA,0,0,0.01,
9,168A,HE,,,,,,,,,,,,,,,,,,,4.8,0.5,NA,0,0,0.01,
9,21A,RM,,,,,,,3.6,0.2,NA,0,0,0,3.7,0.2,0.1,0,0,0,3.8,0.2,0.1,0,0,0,
9,257A,HE,,,,,,,,,,,,,,,,,,,4.2,0.4,NA,0,0,0,
9,36A,BE,,,,,,,3.6,0.2,NA,0,0,0,3.6,0.2,0,0,0,0,3.7,0.2,0.1,0,0,0,
9,47A,BE,,,,,,,,,,,,,4,0.2,NA,0,0,0.01,4.5,0.2,0.5,0,0,0.01,
9,48A,RO,14.1,0.9,NA,0.5,51,0,14.4,0.9,0.3,0.5,51,0,15,0.9,0.6,1,95,0,16.1,0.9,1.1,1,108,0,
9,55A,BE,,,,,,,3.6,0.2,NA,0,0,0,4,0.2,0.4,0,0,0.01,4.2,0.2,0.2,0,0,0.01,
9,5A,BE,,,,,,,,,,0,0,,3.6,0.2,NA,0,0,0,3.8,0.2,0.2,0,0,0,
9,69A,RM,7.4,0.7,NA,0,0,0.07,7.7,0.9,0.1,0,0,0.09,7.7,0.9,0,0,0,0.09,7.9,1,0.1,0,0,0.09,
9,87A,BE,,,,,,,3.7,0.2,NA,0,0,0,4,0.2,0.3,0,0,0.01,4.2,0.2,0.2,0,0,0.01,
,,,,,,,,,,,,,,,,,,,,,,,,,,,
,,,,,,,,,,,,,,,,,,,,,,,,,,,
,,,,,,,,,,,,,,,,,,,,,,,,,,,
,,,,,,,,,,,,,,,,,,,,,,,,,,,
,,,,,,,,,,,,,,,,,,,,,,,,,,,
